"V2","V3","V8","V11","V14","V15","V1.1","V4.1","V4.2","V4.3","V5.1","V5.2","V5.3","V6.1","V6.2","V6.3","V6.4","V6.5","V6.6","V6.7","V6.8","V6.9","V6.10","V6.11","V6.12","V6.13","V6.14","V7.1","V7.2","V7.3","V7.4","V7.5","V7.6","V7.7","V7.8","V7.9","V9.1","V10.1","V12.1","V13.1","V13.2","V13.3","target"
0.271111111111111,0,0.043859649122807,0.0149253731343284,0.101,0,0,0,1,0,1,0,0,0,0,0,0,0,0,0,0,0,0,0,0,1,0,0,0,0,0,0,0,0,1,0,0,0,1,1,0,0,"2"
0.713015873015873,0.159285714285714,0.106666666666667,0.0895522388059701,0.0215,0.0056,1,0,1,0,1,0,0,0,0,0,0,0,0,0,0,0,0,1,0,0,0,0,0,0,1,0,0,0,0,0,0,0,1,1,0,0,"2"
0.170634920634921,0.0178571428571429,0.0526315789473684,0,0.14,0.00824,1,0,1,0,1,0,0,0,0,0,0,0,0,0,0,0,0,1,0,0,0,0,0,0,1,0,0,0,0,0,0,1,1,1,0,0,"2"
0.223492063492063,0.055,0.131578947368421,0.0746268656716418,0.05,3e-05,0,0,1,0,1,0,0,0,0,0,0,0,0,0,0,0,0,0,0,1,0,0,0,0,0,0,0,0,1,0,0,0,0,1,0,0,"2"
0.101904761904762,0.200892857142857,0.06,0,0.06,0,0,0,1,0,1,0,0,0,0,0,0,0,0,0,0,0,0,0,0,1,0,0,0,0,0,0,0,0,1,0,0,1,1,0,0,1,"2"
0.290952380952381,0.142857142857143,0.087719298245614,0,0.18,0,0,0,1,0,1,0,0,0,0,0,0,0,0,0,0,0,1,0,0,0,0,0,0,0,0,0,0,0,1,0,0,1,0,1,0,0,"2"
0.308253968253968,0.0371428571428571,0.228070175438596,0,0.082,0.31285,0,0,1,0,1,0,0,0,0,0,0,0,0,0,0,0,0,0,1,0,0,0,0,0,1,0,0,0,0,0,0,1,0,1,0,0,"2"
0.145555555555556,0.41375,0.00140350877192982,0,0.04,0.01349,1,0,1,0,1,0,0,0,0,1,0,0,0,0,0,0,0,0,0,0,0,0,0,0,0,0,0,0,1,0,0,1,1,1,0,0,"2"
0.645555555555556,0.0178571428571429,0.138947368421053,0,0.09,0.00314,0,0,0,1,0,0,1,0,0,0,0,0,0,0,0,1,0,0,0,0,0,0,0,0,1,0,0,0,0,0,0,1,1,1,0,0,"2"
0.456349206349206,0.175535714285714,0.111052631578947,0,0.026,0.01442,0,0,0,1,0,0,1,0,0,0,0,0,0,0,0,0,0,0,0,1,0,0,0,0,0,0,0,0,1,0,0,1,0,1,0,0,"2"
0.132222222222222,0.0296428571428571,0.0759649122807017,0,0.064,0,0,0,1,0,1,0,0,0,1,0,0,0,0,0,0,0,0,0,0,0,0,0,0,0,1,0,0,0,0,0,1,1,0,1,0,0,"2"
0.256666666666667,0.0655357142857143,0.152105263157895,0,0.13,0.002,0,0,1,0,1,0,0,0,1,0,0,0,0,0,0,0,0,0,0,0,0,0,0,0,1,0,0,0,0,0,0,1,1,1,0,0,"2"
0.388888888888889,0.214285714285714,0.0350877192982456,0,0,0,1,0,1,0,1,0,0,0,0,0,0,0,0,0,0,1,0,0,0,0,0,0,0,0,0,0,0,0,1,0,0,1,0,1,0,0,"2"
0.544920634920635,0.215714285714286,0.00140350877192982,0,0,0.0269,0,0,1,0,1,0,0,0,0,0,0,0,0,0,0,1,0,0,0,0,0,0,0,0,0,0,0,0,1,0,1,1,1,1,0,0,"2"
0.509206349206349,0.375,0.175438596491228,0.104477611940299,0,0,1,0,1,0,1,0,0,0,0,0,0,0,0,0,0,0,0,1,0,0,0,0,0,0,0,0,0,0,1,0,0,0,0,1,0,0,"2"
0.363809523809524,0.157678571428571,0.0087719298245614,0.149253731343284,0.16,0,0,0,0,1,0,0,1,0,0,0,0,0,0,0,0,1,0,0,0,0,0,0,0,0,0,0,0,0,1,0,0,0,0,1,0,0,"2"
0.23015873015873,0.03125,0.0336842105263158,0.0447761194029851,0.198,0,0,0,1,0,1,0,0,0,0,0,0,0,0,0,0,0,1,0,0,0,0,0,0,0,0,0,0,0,1,0,0,0,0,1,0,0,"2"
0.150793650793651,0.209821428571429,0.111228070175439,0.149253731343284,0.06,0.00245,1,0,1,0,1,0,0,0,0,0,0,0,0,0,0,0,0,1,0,0,0,0,0,0,0,0,0,0,1,0,0,0,1,1,0,0,"2"
0.128253968253968,0.00892857142857143,0.0233333333333333,0,0,0,0,0,1,0,1,0,0,0,0,0,1,0,0,0,0,0,0,0,0,0,0,0,0,0,1,0,0,0,0,0,0,1,0,1,0,0,"2"
0.0860317460317461,0.306607142857143,0.0263157894736842,0.104477611940299,0.048,0,1,0,1,0,1,0,0,0,0,1,0,0,0,0,0,0,0,0,0,0,0,0,0,0,1,0,0,0,0,0,0,0,1,1,0,0,"2"
0.178571428571429,0.401785714285714,0.087719298245614,0.253731343283582,0.1,0.01208,0,0,1,0,1,0,0,0,1,0,0,0,0,0,0,0,0,0,0,0,0,0,0,0,0,0,0,0,1,0,0,0,1,1,0,0,"2"
0.150793650793651,0.0357142857142857,0.0292982456140351,0,0.15,0,0,0,1,0,1,0,0,0,1,0,0,0,0,0,0,0,0,0,0,0,0,0,0,0,0,0,0,0,1,0,0,1,1,0,0,1,"2"
0.53968253968254,0.285714285714286,0.276315789473684,0.0895522388059701,0,0.0126,1,0,1,0,1,0,0,0,1,0,0,0,0,0,0,0,0,0,0,0,0,0,0,0,0,0,0,0,1,0,0,0,0,1,0,0,"2"
0.216984126984127,0.517857142857143,0.108245614035088,0.0149253731343284,0.06,0.00011,1,0,1,0,1,0,0,0,0,0,0,0,0,0,0,0,0,0,0,0,1,0,0,0,1,0,0,0,0,0,0,0,1,1,0,0,"2"
0.435238095238095,0.232142857142857,0.0175438596491228,0.0447761194029851,0.0725,0,1,0,1,0,1,0,0,0,0,0,0,0,0,0,0,0,0,1,0,0,0,0,0,0,0,0,0,0,1,0,0,0,0,1,0,0,"2"
0.033015873015873,0.0208928571428571,0.0526315789473684,0.0298507462686567,0.05,0,1,0,1,0,1,0,0,0,1,0,0,0,0,0,0,0,0,0,0,0,0,0,0,0,1,0,0,0,0,0,0,0,1,1,0,0,"2"
0.527777777777778,0.464285714285714,0.181228070175439,0.134328358208955,0,0,1,0,1,0,1,0,0,0,0,0,0,0,0,1,0,0,0,0,0,0,0,1,0,0,0,0,0,0,0,0,0,0,0,1,0,0,"2"
0.67984126984127,0.660714285714286,0.526315789473684,0.253731343283582,0,0,0,0,1,0,1,0,0,0,0,0,1,0,0,0,0,0,0,0,0,0,0,1,0,0,0,0,0,0,0,0,0,0,0,1,0,0,"2"
0.693174603174603,0.303571428571429,0.245614035087719,0.0447761194029851,0,0,0,0,1,0,1,0,0,0,0,0,0,1,0,0,0,0,0,0,0,0,0,0,0,0,1,0,0,0,0,0,0,0,1,1,0,0,"2"
0.44968253968254,0.0371428571428571,0.175438596491228,0.0895522388059701,0.25,0.1,0,0,1,0,1,0,0,0,0,0,0,0,0,0,0,0,0,0,0,1,0,0,0,0,0,0,0,0,1,0,0,0,0,1,0,0,"2"
0.246031746031746,0.528214285714286,0.176842105263158,0.0746268656716418,0.084,0,0,0,1,0,1,0,0,1,0,0,0,0,0,0,0,0,0,0,0,0,0,0,0,0,0,0,0,0,1,0,0,0,0,1,0,0,"2"
0.448412698412698,0.349642857142857,0.279298245614035,0.119402985074627,0,0,0,0,1,0,1,0,0,0,0,0,0,0,0,0,0,0,0,0,0,0,1,0,0,0,1,0,0,0,0,0,0,0,1,1,0,0,"2"
0.567460317460317,0.270892857142857,0.266140350877193,0.223880597014925,0,0.05,0,0,1,0,1,0,0,0,0,0,0,0,0,1,0,0,0,0,0,0,0,1,0,0,0,0,0,0,0,0,0,0,0,1,0,0,"2"
0.365079365079365,0.183035714285714,0.175438596491228,0,0,0.04,1,0,1,0,1,0,0,0,0,0,0,1,0,0,0,0,0,0,0,0,0,0,0,0,0,0,0,0,1,0,0,1,0,1,0,0,"2"
0.14015873015873,0.383928571428571,0.0145614035087719,0.0746268656716418,0,0.0056,1,0,1,0,1,0,0,0,0,0,0,0,0,0,0,0,0,1,0,0,0,0,0,0,0,0,0,0,1,0,0,0,0,1,0,0,"2"
0.223492063492063,0.0535714285714286,0.0701754385964912,0.164179104477612,0.217,0.00035,0,0,1,0,1,0,0,0,0,0,0,0,0,0,0,0,0,0,0,1,0,0,0,0,0,0,0,0,1,0,0,0,0,1,0,0,"2"
0.214285714285714,0.0566071428571429,0.0643859649122807,0.17910447761194,0.2915,0.00713,0,0,1,0,1,0,0,0,0,1,0,0,0,0,0,0,0,0,0,0,0,0,0,0,1,0,0,0,0,0,0,0,0,1,0,0,"2"
0.146825396825397,0.419642857142857,0.0175438596491228,0.0298507462686567,0.15,0.00551,1,0,1,0,1,0,0,0,0,0,0,0,0,0,0,0,0,0,0,0,1,0,0,0,1,0,0,0,0,0,0,0,0,1,0,0,"2"
0.222222222222222,0.0208928571428571,0.0087719298245614,0.0298507462686567,0.13,0.005,0,0,0,1,0,0,1,0,0,1,0,0,0,0,0,0,0,0,0,0,0,0,0,0,0,0,0,0,1,0,0,0,1,1,0,0,"2"
0.648095238095238,0.33625,0.50578947368421,0.164179104477612,0.015,0.003,0,0,1,0,1,0,0,0,0,0,0,0,1,0,0,0,0,0,0,0,0,0,0,1,0,0,0,0,0,0,0,0,0,1,0,0,"2"
0.324126984126984,0.3275,0.157894736842105,0.17910447761194,0,0.00221,0,0,1,0,1,0,0,0,1,0,0,0,0,0,0,0,0,0,0,0,0,0,0,0,0,0,0,0,1,0,0,0,0,1,0,0,"2"
0.240793650793651,0.535714285714286,0.18719298245614,0.164179104477612,0,0.02283,0,0,1,0,1,0,0,0,1,0,0,0,0,0,0,0,0,0,0,0,0,0,0,0,1,0,0,0,0,0,0,0,1,1,0,0,"2"
0.252698412698413,0.0505357142857143,0.0263157894736842,0.0149253731343284,0.12,0.001,0,0,1,0,1,0,0,0,0,0,0,0,0,0,0,0,0,0,0,1,0,0,0,0,1,0,0,0,0,0,0,0,1,1,0,0,"2"
0.41,0.496964285714286,0.302631578947368,0.0895522388059701,0.035,0,0,0,1,0,1,0,0,0,0,0,0,0,0,0,0,0,0,0,0,1,0,0,0,0,0,0,0,0,1,0,0,0,0,1,0,0,"2"
0.677301587301587,1,1,0.597014925373134,0,0.00015,0,0,0,1,0,0,1,0,1,0,0,0,0,0,0,0,0,0,0,0,0,0,0,0,0,0,0,0,1,0,0,0,1,1,0,0,"2"
0.644126984126984,0.241071428571429,0.0921052631578947,0.164179104477612,0,0.00284,0,0,1,0,1,0,0,0,1,0,0,0,0,0,0,0,0,0,0,0,0,0,0,0,1,0,0,0,0,0,0,0,0,1,0,0,"2"
0.432539682539683,0.0728571428571429,0.0043859649122807,0.343283582089552,0.2275,0.01236,1,0,0,1,0,0,1,0,0,0,0,0,0,0,0,0,0,1,0,0,0,0,0,0,1,0,0,0,0,0,0,0,0,1,0,0,"2"
0.288412698412698,0.159285714285714,0.211929824561404,0.0447761194029851,0.1555,0.003,0,0,1,0,1,0,0,0,0,1,0,0,0,0,0,0,0,0,0,0,0,0,0,0,1,0,0,0,0,0,0,0,1,1,0,0,"2"
0.44047619047619,0.055,0.12280701754386,0,0.108,0,0,0,1,0,1,0,0,0,0,0,0,0,0,1,0,0,0,0,0,0,0,1,0,0,0,0,0,0,0,0,1,1,1,1,0,0,"2"
0.161428571428571,0.02375,0.00578947368421053,0,0.05,0,0,0,1,0,1,0,0,0,1,0,0,0,0,0,0,0,0,0,0,0,0,0,0,0,0,0,0,0,1,0,1,1,1,1,0,0,"2"
0.19047619047619,0.0178571428571429,0.0307017543859649,0,0.2455,0,1,0,1,0,1,0,0,0,1,0,0,0,0,0,0,0,0,0,0,0,0,0,0,0,1,0,0,0,0,0,0,1,0,1,0,0,"2"
0.194444444444444,0.0357142857142857,0.0614035087719298,0,0.14,0,0,0,1,0,1,0,0,0,0,0,0,0,0,0,0,0,0,1,0,0,0,0,0,0,0,0,0,0,1,0,0,1,0,1,0,0,"2"
0.375714285714286,0.0728571428571429,0.00140350877192982,0,0.2,0.058,0,0,1,0,1,0,0,0,0,0,0,0,0,0,0,0,0,0,0,1,0,0,0,0,0,0,0,0,1,0,0,1,0,1,0,0,"2"
0.336031746031746,0.0892857142857143,0,0,0.1195,0.002,0,0,1,0,1,0,0,0,0,0,0,0,0,0,0,0,0,0,0,1,0,0,0,0,0,0,0,0,1,0,0,1,0,1,0,0,"2"
0.325396825396825,0.107142857142857,0.260175438596491,0,0,0,0,0,1,0,1,0,0,0,0,1,0,0,0,0,0,0,0,0,0,0,0,0,0,0,1,0,0,0,0,0,0,1,0,1,0,0,"2"
0.152063492063492,0.415178571428571,0.0292982456140351,0,0.08,0.003,0,0,0,1,0,0,1,0,0,0,0,0,0,0,0,0,0,0,0,1,0,0,0,0,0,0,0,0,1,0,0,1,0,1,0,0,"2"
0.14952380952381,0,0.00298245614035088,0,0,0,0,0,1,0,1,0,0,0,0,1,0,0,0,0,0,0,0,0,0,0,0,0,0,0,0,0,0,0,1,0,0,1,1,1,0,0,"2"
0.485396825396825,0.0178571428571429,0.175438596491228,0,0.16,0,0,0,1,0,1,0,0,0,0,0,0,0,0,1,0,0,0,0,0,0,0,0,0,0,1,0,0,0,0,0,0,1,0,1,0,0,"2"
0.34,0.160714285714286,0.201754385964912,0,0.3555,0,0,0,1,0,1,0,0,0,0,0,0,0,0,0,0,0,0,0,0,0,1,0,0,0,1,0,0,0,0,0,1,1,0,0,0,1,"2"
0.468253968253968,0.107142857142857,0.210526315789474,0.164179104477612,0.04,0,0,0,1,0,1,0,0,0,0,0,0,0,0,0,0,0,0,1,0,0,0,0,0,0,1,0,0,0,0,0,0,0,1,1,0,0,"2"
0.682539682539683,0.4375,0.043859649122807,0.0597014925373134,0.1,0,0,0,1,0,1,0,0,0,0,0,0,0,0,0,0,0,1,0,0,0,0,0,0,0,0,0,0,0,1,0,0,0,0,1,0,0,"2"
0.284444444444444,0.577321428571429,0.105263157894737,0.134328358208955,0.125,0.0073,0,0,1,0,1,0,0,0,0,0,1,0,0,0,0,0,0,0,0,0,0,0,0,0,0,0,0,0,1,0,0,0,1,1,0,0,"2"
0.153492063492064,0.0282142857142857,0.0526315789473684,0.0298507462686567,0.04,0.004,1,0,0,1,0,0,1,0,0,0,0,0,0,0,0,0,0,1,0,0,0,0,0,0,0,0,0,0,1,0,0,0,0,1,0,0,"2"
0.105873015873016,0.0298214285714286,0.0556140350877193,0.0149253731343284,0,0,1,0,1,0,1,0,0,0,0,0,0,0,0,0,0,0,0,1,0,0,0,0,0,0,0,0,0,0,1,0,0,0,1,1,0,0,"2"
0.205079365079365,0.151785714285714,0.150526315789474,0.0149253731343284,0.06,0,0,0,1,0,1,0,0,0,0,1,0,0,0,0,0,0,0,0,0,0,0,0,0,0,0,0,0,0,1,0,0,0,0,1,0,0,"2"
0.324126984126984,0.055,0.0540350877192982,0.0149253731343284,0.26,0.5,0,0,1,0,1,0,0,0,0,1,0,0,0,0,0,0,0,0,0,0,0,0,0,0,0,0,0,0,1,0,0,0,0,1,0,0,"2"
0.353174603174603,0.0357142857142857,0.0701754385964912,0.164179104477612,0,0.00456,1,0,1,0,1,0,0,0,1,0,0,0,0,0,0,0,0,0,0,0,0,0,0,0,0,0,0,0,1,0,0,0,1,1,0,0,"2"
0.186507936507937,0.0133928571428571,0.0087719298245614,0.0447761194029851,0.13,0.15108,0,0,1,0,1,0,0,0,0,0,0,0,0,0,0,0,1,0,0,0,0,0,0,0,0,0,0,0,1,0,0,0,1,1,0,0,"2"
0.09,0.232142857142857,0.0512280701754386,0.104477611940299,0.04,0.02954,0,0,1,0,1,0,0,0,0,0,0,0,0,0,0,0,0,0,0,1,0,0,0,0,1,0,0,0,0,0,0,0,1,1,0,0,"2"
0.34,0.897321428571429,0.0570175438596491,0.0149253731343284,0.2575,0.005,0,0,1,0,1,0,0,0,0,0,0,0,0,0,0,0,0,0,0,0,1,0,0,0,1,0,0,0,0,0,0,0,0,1,0,0,"2"
0.294920634920635,0.267857142857143,0.0556140350877193,0,0.21,0,0,0,1,0,1,0,0,0,0,0,0,1,0,0,0,0,0,0,0,0,0,1,0,0,0,0,0,0,0,0,0,1,0,0,0,1,"1"
0.394126984126984,0.178571428571429,0.473684210526316,0,0.49,0,1,0,1,0,1,0,0,0,0,1,0,0,0,0,0,0,0,0,0,0,0,0,0,0,0,0,0,0,1,0,0,1,0,1,0,0,"1"
0.484126984126984,0.0178571428571429,0.37719298245614,0,0.2,0,0,0,1,0,1,0,0,0,0,0,0,0,0,0,0,0,1,0,0,0,0,0,0,0,0,0,0,0,1,0,0,1,1,0,0,1,"1"
0.493333333333333,0.25,0.0570175438596491,0,0.08,2e-05,0,0,0,1,0,0,1,0,1,0,0,0,0,0,0,0,0,0,0,0,0,0,0,0,0,0,0,0,1,0,1,1,1,1,0,0,"1"
0.10984126984127,0.188928571428571,0.0131578947368421,0.0149253731343284,0.08,0,0,0,1,0,1,0,0,0,0,0,0,0,0,0,0,0,0,1,0,0,0,0,0,0,0,0,0,0,1,0,0,0,1,1,0,0,"1"
0.322698412698413,0.232142857142857,0.0043859649122807,0,0.2215,0,0,0,1,0,1,0,0,1,0,0,0,0,0,0,0,0,0,0,0,0,0,0,0,0,0,0,0,0,1,0,0,1,0,1,0,0,"1"
0.0860317460317461,0.0208928571428571,0.0205263157894737,0,0.08,0,1,0,0,1,0,0,1,1,0,0,0,0,0,0,0,0,0,0,0,0,0,0,0,0,0,0,0,0,1,0,0,1,0,1,0,0,"1"
0.125714285714286,0.0416071428571429,0.087719298245614,0.0149253731343284,0.09,2e-04,0,0,0,1,0,0,1,0,0,0,0,0,0,0,0,1,0,0,0,0,0,0,0,0,0,0,0,0,1,0,0,0,1,1,0,0,"1"
0.123015873015873,0.348214285714286,0.0087719298245614,0,0.07,0,0,0,1,0,1,0,0,0,1,0,0,0,0,0,0,0,0,0,0,0,0,0,0,0,0,0,0,0,1,0,0,1,1,1,0,0,"1"
0.568730158730159,0.678571428571429,0,0.0149253731343284,0.047,0,0,0,1,0,1,0,0,0,0,0,0,0,1,0,0,0,0,0,0,0,0,0,0,1,0,0,0,0,0,0,0,0,1,1,0,0,"1"
0.220952380952381,0.0535714285714286,0.0701754385964912,0,0.184,0,1,0,1,0,1,0,0,0,0,0,0,0,0,0,0,0,1,0,0,0,0,0,0,0,0,0,0,0,1,0,0,1,1,0,0,1,"1"
0.413968253968254,0.0178571428571429,0.0087719298245614,0,0.144,0,0,0,1,0,1,0,0,0,0,0,0,0,0,0,0,0,1,0,0,0,0,0,0,0,0,0,0,0,1,0,0,1,1,0,0,1,"1"
0.214285714285714,0.0223214285714286,0.0159649122807018,0,0.1,0,0,0,1,0,1,0,0,1,0,0,0,0,0,0,0,0,0,0,0,0,0,0,0,0,0,0,0,0,1,0,0,1,0,1,0,0,"1"
0.371746031746032,0.142857142857143,0.175438596491228,0,0.14,0,0,0,1,0,1,0,0,0,1,0,0,0,0,0,0,0,0,0,0,0,0,1,0,0,0,0,0,0,0,0,0,1,0,0,0,1,"1"
0.189206349206349,0.0789285714285714,0.140350877192982,0,0.094,0,0,0,0,1,0,0,1,1,0,0,0,0,0,0,0,0,0,0,0,0,0,0,0,0,0,0,0,0,1,0,0,1,1,1,0,0,"1"
0.321428571428571,0.160714285714286,0.0350877192982456,0,0.12,0,0,0,1,0,1,0,0,1,0,0,0,0,0,0,0,0,0,0,0,0,0,0,0,0,0,0,0,0,1,0,0,1,0,1,0,0,"1"
0.55952380952381,0.0535714285714286,0,0,0.05,0.00027,1,0,1,0,1,0,0,0,0,0,0,0,0,0,1,0,0,0,0,0,0,0,0,0,0,1,0,0,0,0,0,1,0,1,0,0,"1"
0.773809523809524,0.455357142857143,0.175438596491228,0,0.056,0,0,0,0,1,0,0,1,0,1,0,0,0,0,0,0,0,0,0,0,0,0,0,0,0,1,0,0,0,0,0,0,1,1,1,0,0,"1"
0.28047619047619,0.553571428571429,0.0175438596491228,0,0.06,0,0,0,1,0,1,0,0,0,1,0,0,0,0,0,0,0,0,0,0,0,0,0,0,0,0,0,0,0,1,0,0,1,1,1,0,0,"1"
0.612380952380952,0.0491071428571429,0.331929824561404,0,0.1,0.001,0,0,0,1,0,0,1,0,1,0,0,0,0,0,0,0,0,0,0,0,0,0,0,0,1,0,0,0,0,0,0,1,0,1,0,0,"1"
0.238095238095238,0.0535714285714286,0.0526315789473684,0,0,0.00225,0,0,0,1,0,0,1,0,1,0,0,0,0,0,0,0,0,0,0,0,0,0,0,0,0,0,0,0,1,0,0,1,0,1,0,0,"1"
0.235396825396825,0.126428571428571,0.0175438596491228,0,0.0855,0,1,0,1,0,1,0,0,0,0,0,0,0,0,1,0,0,0,0,0,0,0,1,0,0,0,0,0,0,0,0,0,1,0,1,0,0,"1"
0.146825396825397,0.0223214285714286,0.0043859649122807,0,0.09,1e-05,0,0,0,1,0,0,1,1,0,0,0,0,0,0,0,0,0,0,0,0,0,0,0,0,0,0,0,0,1,0,0,1,1,1,0,0,"1"
0.138888888888889,0.392857142857143,0.105263157894737,0,0.134,0,1,0,0,1,0,0,1,0,0,0,0,0,0,0,0,0,0,1,0,0,0,0,0,0,0,0,0,0,1,0,0,1,0,1,0,0,"1"
0.234126984126984,0.0357142857142857,0.0350877192982456,0.0298507462686567,0.0835,0.005,1,0,1,0,1,0,0,0,0,0,0,0,0,0,0,0,0,1,0,0,0,0,0,0,0,0,0,0,1,0,0,0,0,1,0,0,"1"
0.376984126984127,0.0625,0.0087719298245614,0,0.082,0.004,0,0,0,1,0,0,1,0,1,0,0,0,0,0,0,0,0,0,0,0,0,1,0,0,0,0,0,0,0,0,0,1,0,1,0,0,"1"
0.341269841269841,0.589285714285714,0.140350877192982,0,0.04,0,0,0,0,1,0,0,1,0,1,0,0,0,0,0,0,0,0,0,0,0,0,0,0,0,0,0,0,0,1,0,0,1,1,1,0,0,"1"
0.0780952380952381,0.178571428571429,0.0131578947368421,0.0298507462686567,0,0.00038,0,0,1,0,1,0,0,0,0,0,0,0,0,0,0,0,0,1,0,0,0,0,0,0,0,0,0,0,1,0,0,0,1,1,0,0,"1"
0.178571428571429,0.428571428571429,0.0789473684210526,0.0298507462686567,0.06,5e-05,0,0,1,0,1,0,0,0,0,0,0,0,0,0,0,1,0,0,0,0,0,0,0,0,0,0,0,0,1,0,0,0,0,1,0,0,"1"
0.223492063492063,0.142857142857143,0.201754385964912,0.0298507462686567,0.0375,0,0,0,0,1,0,0,1,0,0,0,0,0,0,1,0,0,0,0,0,0,0,0,0,0,1,0,0,0,0,0,0,0,0,1,0,0,"1"
0.652063492063492,0.553571428571429,0,0.298507462686567,0.076,0.0013,0,0,1,0,1,0,0,0,0,0,0,1,0,0,0,0,0,0,0,0,0,0,0,0,0,0,0,0,0,1,0,0,1,1,0,0,"1"
0.238095238095238,0.0416071428571429,0.0175438596491228,0,0.14,0,0,0,1,0,1,0,0,0,0,0,0,0,0,0,0,1,0,0,0,0,0,0,0,0,0,0,0,0,1,0,0,1,1,0,0,1,"1"
0.178571428571429,0.392857142857143,0.157894736842105,0,0.06,0,1,0,0,1,0,0,1,1,0,0,0,0,0,0,0,0,0,0,0,0,0,0,0,0,0,0,0,0,1,0,0,1,1,1,0,0,"1"
0.431269841269841,0.0803571428571429,0.350877192982456,0,0.088,0,0,0,0,1,0,0,1,0,0,0,0,0,0,0,0,0,0,0,0,0,1,0,0,0,1,0,0,0,0,0,0,1,0,1,0,0,"1"
0.0952380952380952,0.0267857142857143,0.0278947368421053,0.0746268656716418,0.07,5e-05,1,0,1,0,1,0,0,0,1,0,0,0,0,0,0,0,0,0,0,0,0,0,0,0,0,0,0,0,1,0,0,0,0,1,0,0,"1"
0.244761904761905,0.125,0.12280701754386,0.0447761194029851,0.1645,0,0,0,1,0,1,0,0,0,0,0,0,0,0,0,0,0,0,0,0,1,0,0,0,0,0,0,0,0,1,0,0,0,0,1,0,0,"1"
0.170634920634921,0.0371428571428571,0.0175438596491228,0.0447761194029851,0.09,0.00147,1,0,0,1,0,0,1,0,0,0,0,0,1,0,0,0,0,0,0,0,0,0,0,1,0,0,0,0,0,0,0,0,1,1,0,0,"1"
0.171904761904762,0.446428571428571,0.0307017543859649,0,0.13,0,0,0,1,0,1,0,0,0,0,0,0,0,0,0,0,0,0,0,0,1,0,0,0,0,0,0,0,0,1,0,0,1,0,1,0,0,"1"
0.317460317460317,0.0267857142857143,0.0350877192982456,0.0447761194029851,0.106,0,1,0,1,0,1,0,0,0,0,0,0,0,0,0,0,1,0,0,0,0,0,1,0,0,0,0,0,0,0,0,0,0,0,1,0,0,"1"
0.10984126984127,0.0446428571428571,0.0482456140350877,0.0447761194029851,0.07,0.0021,0,0,0,1,0,0,1,0,1,0,0,0,0,0,0,0,0,0,0,0,0,0,0,0,1,0,0,0,0,0,0,0,0,1,0,0,"1"
0.185238095238095,0.0401785714285714,0.0452631578947368,0.0298507462686567,0.1,0,1,0,1,0,1,0,0,0,0,0,0,0,0,0,0,0,0,1,0,0,0,0,0,0,0,0,0,0,1,0,0,0,1,1,0,0,"1"
0.380952380952381,0.25,0.403508771929825,0.104477611940299,0.15,5e-05,0,0,1,0,1,0,0,0,0,0,0,0,0,0,0,0,0,1,0,0,0,0,0,0,1,0,0,0,0,0,0,0,0,1,0,0,"1"
0.615079365079365,0.232142857142857,0.220701754385965,0.223880597014925,0,0.11202,0,0,1,0,1,0,0,0,0,0,0,0,0,0,0,1,0,0,0,0,0,0,0,0,0,0,0,0,1,0,0,0,1,1,0,0,"2"
0.69968253968254,0.251428571428571,0.491228070175439,0.0895522388059701,0.18,0.01332,0,0,1,0,1,0,0,0,0,0,0,0,0,0,0,0,1,0,0,0,0,0,0,0,0,0,0,0,1,0,0,0,0,1,0,0,"2"
0.111111111111111,0.369107142857143,0.0117543859649123,0.0149253731343284,0.04,5e-04,1,0,1,0,1,0,0,0,0,1,0,0,0,0,0,0,0,0,0,0,0,0,0,0,1,0,0,0,0,0,0,0,0,1,0,0,"2"
0.415396825396825,0.221785714285714,0.00140350877192982,0.0149253731343284,0.1,0.003,0,0,1,0,1,0,0,0,0,0,0,0,0,0,0,0,0,1,0,0,0,0,0,0,0,0,0,0,1,0,0,0,1,1,0,0,"2"
0.189206349206349,0.446428571428571,0.0424561403508772,1,0.07,0.00258,0,0,1,0,1,0,0,0,0,1,0,0,0,0,0,0,0,0,0,0,0,0,0,0,0,0,0,0,1,0,0,0,0,1,0,0,"2"
0.174603174603175,0.446428571428571,0.0526315789473684,0.17910447761194,0.06,0.00567,1,0,1,0,1,0,0,1,0,0,0,0,0,0,0,0,0,0,0,0,0,0,0,0,0,0,0,0,1,0,0,0,0,1,0,0,"2"
0.482857142857143,0.238035714285714,0.258771929824561,0.0447761194029851,0,0,1,0,1,0,1,0,0,0,0,0,0,0,0,0,0,0,0,1,0,0,0,0,0,0,0,0,0,0,1,0,0,0,0,1,0,0,"2"
0.154761904761905,0.321428571428571,0.298245614035088,0.0746268656716418,0.06,0,1,0,1,0,1,0,0,0,0,0,0,0,0,0,0,0,0,1,0,0,0,0,0,0,0,0,0,0,1,0,0,0,0,1,0,0,"2"
0.336031746031746,0.178571428571429,0.263157894736842,0.0895522388059701,0,0.01,0,0,1,0,1,0,0,0,0,0,0,0,0,0,0,0,0,0,0,0,1,0,0,0,1,0,0,0,0,0,0,0,0,1,0,0,"2"
0.538412698412698,0.0892857142857143,0.087719298245614,0.17910447761194,0.205,0.0251,0,0,1,0,1,0,0,0,0,0,0,0,0,0,0,0,1,0,0,0,0,1,0,0,0,0,0,0,0,0,0,0,0,1,0,0,"2"
0.142857142857143,0.392857142857143,0.087719298245614,0.104477611940299,0.05,0.00809,0,0,1,0,1,0,0,0,0,0,0,0,0,0,0,0,0,1,0,0,0,0,0,0,0,0,0,0,1,0,0,0,0,1,0,0,"2"
0.328095238095238,0.151785714285714,0.114035087719298,0.0298507462686567,0.137,0.0061,0,0,1,0,1,0,0,0,0,0,0,0,0,1,0,0,0,0,0,0,0,1,0,0,0,0,0,0,0,0,0,0,1,1,0,0,"2"
0.232857142857143,0.125,0.0292982456140351,0,0.14,0,1,0,1,0,1,0,0,0,0,0,0,0,0,0,0,0,0,0,0,1,0,0,0,0,0,0,0,0,1,0,0,1,1,0,0,1,"2"
0.857142857142857,0.196428571428571,0.456140350877193,0.0149253731343284,0,0,0,0,1,0,1,0,0,0,0,0,0,1,0,0,0,0,0,0,0,0,0,0,0,0,0,0,0,0,0,1,0,0,0,1,0,0,"2"
0.105873015873016,0.0655357142857143,0.0789473684210526,0.0149253731343284,0.05,0.0015,0,0,1,0,1,0,0,0,1,0,0,0,0,0,0,0,0,0,0,0,0,0,0,0,0,0,0,0,1,0,0,0,1,1,0,0,"2"
0.534444444444444,0.285714285714286,0.228070175438596,0.0895522388059701,0.1875,0.511,1,0,1,0,1,0,0,0,0,0,0,1,0,0,0,0,0,0,0,0,0,1,0,0,0,0,0,0,0,0,0,0,1,1,0,0,"2"
0.357142857142857,0.178571428571429,0.087719298245614,0.0895522388059701,0,0.00367,0,0,1,0,1,0,0,0,1,0,0,0,0,0,0,0,0,0,0,0,0,1,0,0,0,0,0,0,0,0,0,0,1,1,0,0,"2"
0.30031746031746,0.196428571428571,0.192982456140351,0.17910447761194,0.204,0.01,0,0,1,0,1,0,0,0,0,0,0,0,0,0,0,0,0,1,0,0,0,0,0,0,1,0,0,0,0,0,0,0,0,1,0,0,"2"
0.552857142857143,0.232142857142857,0.210526315789474,0,0.175,0,0,0,1,0,1,0,0,0,0,0,0,0,0,0,0,0,0,1,0,0,0,0,0,0,1,0,0,0,0,0,0,1,0,1,0,0,"2"
0.415396825396825,0.0192857142857143,0.0175438596491228,0.0447761194029851,0.1,0.01,0,0,0,1,0,0,1,1,0,0,0,0,0,0,0,0,0,0,0,0,0,0,0,0,0,0,0,0,1,0,0,0,1,1,0,0,"2"
0.314761904761905,0.0982142857142857,0.149122807017544,0.0895522388059701,0.102,0,0,0,1,0,1,0,0,0,0,0,0,0,0,0,0,0,1,0,0,0,0,0,0,0,0,0,0,0,1,0,0,0,1,1,0,0,"2"
0.0806349206349206,0.339285714285714,0.0570175438596491,0.0895522388059701,0.02,0.006,1,0,1,0,1,0,0,0,0,0,0,0,0,0,0,0,0,0,0,1,0,0,0,0,0,0,0,0,1,0,0,0,0,1,0,0,"2"
0.209047619047619,0.482142857142857,0.175438596491228,0.0298507462686567,0,0.05,1,0,1,0,1,0,0,0,0,0,0,0,0,0,0,0,0,1,0,0,0,0,0,0,1,0,0,0,0,0,0,0,1,1,0,0,"2"
0.277777777777778,0.133928571428571,0.0219298245614035,0.134328358208955,0.0905,0,1,0,1,0,1,0,0,0,0,1,0,0,0,0,0,0,0,0,0,0,0,0,0,0,1,0,0,0,0,0,0,0,0,1,0,0,"2"
0.678571428571429,0.571428571428571,0,0.223880597014925,0,0.00247,1,0,1,0,1,0,0,0,0,0,0,0,0,0,1,0,0,0,0,0,0,0,0,1,0,0,0,0,0,0,0,0,1,1,0,0,"2"
0.464285714285714,0.0103571428571429,0.0614035087719298,0.119402985074627,0.05,0.00375,0,0,0,1,0,0,1,0,0,1,0,0,0,0,0,0,0,0,0,0,0,0,0,0,1,0,0,0,0,0,0,0,1,1,0,0,"2"
0.136190476190476,0.392857142857143,0.0701754385964912,0.0149253731343284,0.04,0.00278,0,0,1,0,1,0,0,0,0,0,0,0,0,0,0,0,0,0,0,1,0,0,0,0,0,0,0,0,1,0,0,0,1,1,0,0,"2"
0.214285714285714,0.0594642857142857,0.178421052631579,0.134328358208955,0.1995,0.00827,0,0,1,0,1,0,0,0,0,1,0,0,0,0,0,0,0,0,0,0,0,0,0,0,1,0,0,0,0,0,0,0,1,1,0,0,"2"
0.302857142857143,0.0892857142857143,0.0964912280701754,0.0895522388059701,0.08,0.02072,0,0,1,0,1,0,0,0,0,1,0,0,0,0,0,0,0,0,0,0,0,0,0,0,1,0,0,0,0,0,0,0,1,1,0,0,"2"
0.150793650793651,0.0535714285714286,0.0833333333333333,0.0447761194029851,0,0.00582,0,0,1,0,1,0,0,0,0,0,0,0,0,0,0,0,0,1,0,0,0,0,0,0,0,0,0,0,1,0,0,0,0,1,0,0,"2"
0.421904761904762,0.269285714285714,0.280701754385965,0.208955223880597,0,0.023,1,0,0,1,0,0,1,0,0,0,0,0,0,0,0,0,0,1,0,0,0,0,0,0,1,0,0,0,0,0,0,0,1,1,0,0,"2"
0.265873015873016,0.232142857142857,0.140350877192982,0.104477611940299,0,0.03065,1,0,1,0,1,0,0,0,1,0,0,0,0,0,0,0,0,0,0,0,0,1,0,0,0,0,0,0,0,0,0,0,0,1,0,0,"2"
0.62031746031746,0.535714285714286,0.192982456140351,0.208955223880597,0,0.022,1,0,1,0,1,0,0,0,1,0,0,0,0,0,0,0,0,0,0,0,0,0,0,0,0,0,0,0,1,0,0,0,1,1,0,0,"2"
0.522539682539683,0.0164285714285714,0.0145614035087719,0.164179104477612,0.22,6e-05,1,0,1,0,1,0,0,0,0,1,0,0,0,0,0,0,0,0,0,0,0,0,0,0,1,0,0,0,0,0,0,0,0,1,0,0,"2"
0.707619047619048,0.357142857142857,0.140350877192982,0.208955223880597,0,0.01602,1,0,1,0,1,0,0,0,0,0,0,0,0,0,0,0,0,1,0,0,0,0,0,0,0,0,0,0,1,0,0,0,1,1,0,0,"2"
0.374285714285714,0.232142857142857,0.149122807017544,0.17910447761194,0.0465,0,0,0,1,0,1,0,0,0,0,0,0,0,0,0,0,0,1,0,0,0,0,0,0,0,1,0,0,0,0,0,0,0,0,1,0,0,"2"
0.148095238095238,0.0892857142857143,0.0380701754385965,0.164179104477612,0.03,0.02184,0,0,1,0,1,0,0,0,1,0,0,0,0,0,0,0,0,0,0,0,0,0,0,0,0,0,0,0,1,0,0,0,0,1,0,0,"2"
0.301587301587302,0.0535714285714286,0.192982456140351,0.0447761194029851,0,0,0,0,1,0,1,0,0,0,0,1,0,0,0,0,0,0,0,0,0,0,0,0,0,0,1,0,0,0,0,0,0,0,0,1,0,0,"2"
0.125714285714286,0.410714285714286,0,0.164179104477612,0,0,1,0,0,1,0,0,1,0,0,0,0,0,0,0,1,0,0,0,0,0,0,0,0,0,0,1,0,0,0,0,0,0,0,1,0,0,"2"
0.234126984126984,0.108571428571429,0.0891228070175439,0.0149253731343284,0.035,0,1,0,0,1,0,0,1,0,0,0,0,0,0,0,0,0,0,0,0,0,1,0,0,0,1,0,0,0,0,0,0,0,1,1,0,0,"2"
0.871746031746032,0.535714285714286,0,0.208955223880597,0,0.03376,1,0,1,0,1,0,0,0,0,0,0,1,0,0,0,0,0,0,0,0,0,0,0,0,0,0,0,0,0,1,0,0,1,1,0,0,"2"
0.226190476190476,0.0714285714285714,0.146140350877193,0.0298507462686567,0.0905,0,0,0,1,0,1,0,0,0,0,0,0,0,0,0,0,1,0,0,0,0,0,0,0,0,1,0,0,0,0,0,0,0,0,1,0,0,"2"
0.322698412698413,0.00285714285714286,0.00140350877192982,0.0149253731343284,0.14,0.02,0,0,0,1,0,0,1,0,0,0,0,0,0,0,0,0,1,0,0,0,0,1,0,0,0,0,0,0,0,0,0,0,0,1,0,0,"2"
0.220952380952381,0.0714285714285714,0.0350877192982456,0.0597014925373134,0.07,0.07544,0,0,1,0,1,0,0,0,0,0,0,0,0,0,0,0,0,0,0,0,1,0,0,0,1,0,0,0,0,0,0,0,1,1,0,0,"2"
0.48015873015873,0.0714285714285714,0.0614035087719298,0.0298507462686567,0,0.00015,0,0,1,0,1,0,0,0,0,0,0,0,0,0,0,0,1,0,0,0,0,0,0,0,0,0,0,0,1,0,0,0,0,1,0,0,"2"
0.17984126984127,0.0610714285714286,0.0584210526315789,0.0149253731343284,0.1975,2e-04,0,0,1,0,1,0,0,0,0,0,0,0,0,0,0,0,0,0,0,0,1,0,0,0,0,0,0,0,1,0,0,0,0,1,0,0,"2"
0.28968253968254,0.0625,0.00140350877192982,0,0.1965,0,0,0,0,1,0,0,1,0,0,0,0,1,0,0,0,0,0,0,0,0,0,0,0,0,1,0,0,0,0,0,0,1,0,1,0,0,"2"
0.743333333333333,0.589285714285714,0.385964912280702,0,0.0105,0.10561,1,0,1,0,1,0,0,0,0,0,0,0,0,0,0,0,0,1,0,0,0,0,0,0,0,0,0,0,1,0,0,1,0,1,0,0,"2"
0.42984126984127,0.357142857142857,0.0614035087719298,0,0.0145,0.00837,1,0,1,0,1,0,0,0,0,0,0,0,0,0,0,0,0,1,0,0,0,0,0,0,1,0,0,0,0,0,0,1,1,1,0,0,"2"
0.0885714285714286,0.339285714285714,0.0350877192982456,0,0.03,0.004,0,0,1,0,1,0,0,0,0,0,0,0,0,0,0,0,0,1,0,0,0,0,0,0,0,0,0,0,1,0,0,1,0,1,0,0,"2"
0.294920634920635,0.0192857142857143,0.00140350877192982,0,0.22,0.11177,1,0,1,0,1,0,0,0,0,1,0,0,0,0,0,0,0,0,0,0,0,0,0,0,0,0,0,0,1,0,0,1,1,1,0,0,"2"
0.363809523809524,0.116071428571429,0.315789473684211,0,0.051,0.00639,0,0,1,0,1,0,0,0,0,0,0,0,0,0,0,0,0,1,0,0,0,0,0,0,1,0,0,0,0,0,0,1,0,1,0,0,"2"
0.376984126984127,0.0401785714285714,0.0526315789473684,0,0.2155,0,0,0,0,1,0,0,1,0,0,0,1,0,0,0,0,0,0,0,0,0,0,0,0,0,0,0,0,0,1,0,1,1,0,1,0,0,"2"
0.17984126984127,0.0907142857142857,0.0087719298245614,0,0.185,0,1,0,0,1,0,0,1,1,0,0,0,0,0,0,0,0,0,0,0,0,0,0,0,0,0,0,0,0,1,0,0,1,0,1,0,0,"2"
0.437777777777778,0,0.526315789473684,0,0,0,0,0,1,0,1,0,0,0,1,0,0,0,0,0,0,0,0,0,0,0,0,1,0,0,0,0,0,0,0,0,0,1,1,1,0,0,"2"
0.670634920634921,0.446428571428571,0.280701754385965,0,0.012,0.02028,0,0,1,0,1,0,0,0,0,0,0,0,0,0,0,1,0,0,0,0,0,0,0,0,1,0,0,0,0,0,0,1,0,1,0,0,"2"
0.572698412698413,0.485178571428571,0.298245614035088,0,0,0,1,0,1,0,1,0,0,0,0,0,0,0,0,0,0,1,0,0,0,0,0,0,0,0,1,0,0,0,0,0,0,1,0,1,0,0,"2"
0.141587301587302,0.375,0.0468421052631579,0,0.05,0,0,0,1,0,1,0,0,0,0,0,0,0,0,0,0,0,0,1,0,0,0,0,0,0,1,0,0,0,0,0,0,1,1,1,0,0,"2"
0.21031746031746,0.0535714285714286,0.0131578947368421,0,0.13,0.01065,0,0,0,1,0,0,1,0,0,0,0,0,0,0,0,0,0,0,0,1,0,0,0,0,0,0,0,0,1,0,0,1,0,1,0,0,"2"
0.178571428571429,0.446428571428571,0.105263157894737,0,0.01,0,0,0,1,0,1,0,0,1,0,0,0,0,0,0,0,0,0,0,0,0,0,0,0,0,0,0,0,0,1,0,0,1,0,0,0,1,"2"
0.195714285714286,0.309464285714286,0.0496491228070175,0,0.08,0.0015,1,0,1,0,1,0,0,1,0,0,0,0,0,0,0,0,0,0,0,0,0,0,0,0,0,0,0,0,1,0,0,1,1,1,0,0,"2"
0.0741269841269842,0.330357142857143,0.0424561403508772,0.0597014925373134,0.03,0.0054,1,0,1,0,1,0,0,0,0,0,0,0,0,0,0,0,0,1,0,0,0,0,0,0,0,0,0,0,1,0,0,0,1,1,0,0,"2"
0.101904761904762,0.291785714285714,0.0687719298245614,0.208955223880597,0.03,0.00158,0,0,1,0,1,0,0,1,0,0,0,0,0,0,0,0,0,0,0,0,0,0,0,0,0,0,0,0,1,0,0,0,1,1,0,0,"2"
0.538412698412698,0.0103571428571429,0.526315789473684,0.298507462686567,0,0.15,0,0,1,0,1,0,0,0,1,0,0,0,0,0,0,0,0,0,0,0,0,1,0,0,0,0,0,0,0,0,0,0,1,1,0,0,"2"
0.119047619047619,0.0833928571428571,0.0175438596491228,0.0597014925373134,0.04,0,1,0,1,0,1,0,0,0,0,0,0,0,0,1,0,0,0,0,0,0,0,1,0,0,0,0,0,0,0,0,0,0,1,0,0,1,"2"
0.10984126984127,0.107142857142857,0.00578947368421053,0.0447761194029851,0.05,6e-05,1,0,1,0,1,0,0,0,0,0,0,0,0,0,0,0,0,1,0,0,0,0,0,0,0,0,0,0,1,0,0,0,1,1,0,0,"2"
0.687777777777778,0.696428571428571,0.192982456140351,0.104477611940299,0,0.03,1,0,1,0,1,0,0,0,1,0,0,0,0,0,0,0,0,0,0,0,0,0,0,0,0,0,0,0,1,0,0,0,1,1,0,0,"2"
0.137619047619048,0.202321428571429,0.0907017543859649,0.104477611940299,0.0645,0.03257,1,0,1,0,1,0,0,0,0,0,0,0,0,0,0,0,0,1,0,0,0,0,0,0,0,0,0,0,1,0,0,0,1,1,0,0,"2"
0.555555555555556,0.303571428571429,0.43859649122807,0.134328358208955,0.0905,0.01655,0,0,1,0,1,0,0,0,1,0,0,0,0,0,0,0,0,0,0,0,0,0,0,0,1,0,0,0,0,0,0,0,1,1,0,0,"2"
0.416666666666667,0.232142857142857,0.12280701754386,0.0149253731343284,0,0.005,0,0,1,0,1,0,0,1,0,0,0,0,0,0,0,0,0,0,0,0,0,1,0,0,0,0,0,0,0,0,0,0,1,1,0,0,"2"
0.425873015873016,0.178571428571429,0.175438596491228,0.104477611940299,0,0.03065,0,0,1,0,1,0,0,0,1,0,0,0,0,0,0,0,0,0,0,0,0,0,0,0,0,0,0,0,1,0,0,0,1,1,0,0,"2"
0.236825396825397,0.0371428571428571,0.087719298245614,0.0746268656716418,0.15,0.0143,1,0,1,0,1,0,0,0,1,0,0,0,0,0,0,0,0,0,0,0,0,0,0,0,0,0,0,0,1,0,0,0,0,1,0,0,"2"
0.306825396825397,0.165178571428571,0.0570175438596491,0.0298507462686567,0,0,1,0,1,0,1,0,0,0,0,0,0,0,0,0,0,0,0,1,0,0,0,0,0,0,1,0,0,0,0,0,0,0,1,1,0,0,"2"
0.12031746031746,0.375,0.105263157894737,0,0,0,0,0,1,0,1,0,0,0,1,0,0,0,0,0,0,0,0,0,0,0,0,0,0,0,0,0,0,0,1,0,0,1,0,1,0,0,"2"
0.448412698412698,0.00732142857142857,0.179824561403509,0,0.2,0,0,0,1,0,1,0,0,0,0,0,0,0,0,1,0,0,0,0,0,0,0,0,0,0,1,0,0,0,0,0,0,1,1,1,0,0,"2"
0.444444444444444,0.0342857142857143,0.087719298245614,0,0.255,0.006,0,0,1,0,1,0,0,0,0,0,0,0,0,0,0,0,0,0,0,0,1,0,0,0,0,0,0,0,1,0,0,1,1,1,0,0,"2"
0.141587301587302,0.0566071428571429,0.108245614035088,0.0895522388059701,0.04,0,0,0,0,1,0,0,1,0,0,0,0,0,0,0,0,0,0,0,0,1,0,0,0,0,0,0,0,0,1,0,0,0,1,1,0,0,"2"
0.329365079365079,0.144285714285714,0.298245614035088,0.104477611940299,0.0975,0,0,0,0,1,0,0,1,0,0,0,0,0,0,1,0,0,0,0,0,0,0,1,0,0,0,0,0,0,0,0,0,0,0,1,0,0,"2"
0.23015873015873,0.18,0.0526315789473684,0.119402985074627,0.072,7e-05,0,0,0,1,0,0,1,0,1,0,0,0,0,0,0,0,0,0,0,0,0,1,0,0,0,0,0,0,0,0,0,0,0,1,0,0,"2"
0.308253968253968,0.113035714285714,0.111052631578947,0.0447761194029851,0.19,0,0,0,0,1,0,0,1,0,0,0,0,0,0,0,0,0,0,0,0,0,1,0,0,0,0,0,0,0,1,0,0,0,0,1,0,0,"2"
0.546349206349206,0.272321428571429,0.543859649122807,0.17910447761194,0,0.0079,0,0,1,0,1,0,0,0,0,0,0,0,0,0,0,0,0,0,0,1,0,0,0,0,1,0,0,0,0,0,0,0,1,1,0,0,"2"
0.21952380952381,0.0728571428571429,0.0701754385964912,0.0447761194029851,0.185,0.0056,0,0,0,1,0,0,1,1,0,0,0,0,0,0,0,0,0,0,0,0,0,0,0,0,0,0,0,0,1,0,0,0,0,1,0,0,"2"
0.14015873015873,0.358571428571429,0.00140350877192982,0.134328358208955,0.03,0.00396,0,0,1,0,1,0,0,0,0,0,0,0,0,0,0,0,0,0,0,0,1,0,0,0,0,0,0,0,1,0,0,0,1,1,0,0,"2"
0.163968253968254,0.0178571428571429,0.043859649122807,0.0149253731343284,0,0.00678,1,0,1,0,1,0,0,0,0,0,0,0,0,0,0,0,0,1,0,0,0,0,0,0,1,0,0,0,0,0,0,0,1,1,0,0,"2"
0.437777777777778,0.0357142857142857,0.0789473684210526,0,0,0.003,1,0,1,0,1,0,0,0,0,0,0,0,0,1,0,0,0,0,0,0,0,1,0,0,0,0,0,0,0,0,0,1,0,1,0,0,"2"
0.111111111111111,0.366071428571429,0.0249122807017544,0.0298507462686567,0.0245,0,1,0,1,0,1,0,0,0,0,0,0,0,0,0,0,0,0,1,0,0,0,0,0,0,0,0,0,0,1,0,0,0,0,1,0,0,"2"
0.358412698412698,0.0758928571428571,0.00298245614035088,0.0149253731343284,0.025,0.01187,0,0,0,1,0,0,1,0,0,0,0,0,0,0,0,0,0,0,0,1,0,0,0,0,0,0,0,0,1,0,0,0,1,1,0,0,"2"
0.343968253968254,0.428571428571429,0.491228070175439,0.119402985074627,0,0.0659,1,0,1,0,1,0,0,0,0,0,0,0,0,0,0,0,0,1,0,0,0,0,0,0,1,0,0,0,0,0,0,0,1,1,0,0,"2"
0.236825396825397,0.333392857142857,0.198771929824561,0.0895522388059701,0.1905,0.00168,0,0,1,0,1,0,0,0,0,0,0,0,0,0,0,0,0,1,0,0,0,0,0,0,1,0,0,0,0,0,0,0,1,1,0,0,"2"
0.34,0.0892857142857143,0.157894736842105,0.104477611940299,0.075,0.0127,0,0,1,0,1,0,0,0,0,0,0,0,0,0,0,1,0,0,0,0,0,0,0,0,0,0,0,0,1,0,0,0,1,1,0,0,"2"
0.408730158730159,0.151785714285714,0.228070175438596,0.238805970149254,0.0585,0.0121,0,0,1,0,1,0,0,0,1,0,0,0,0,0,0,0,0,0,0,0,0,1,0,0,0,0,0,0,0,0,0,0,1,1,0,0,"2"
0.406031746031746,0.209821428571429,0.350877192982456,0.208955223880597,0.1995,0,0,0,1,0,1,0,0,0,0,1,0,0,0,0,0,0,0,0,0,0,0,0,0,0,1,0,0,0,0,0,0,0,0,1,0,0,"2"
0.167936507936508,0.236607142857143,0.192982456140351,0,0.05,0,0,0,0,1,0,0,1,0,0,0,1,0,0,0,0,0,0,0,0,0,0,0,0,0,0,0,0,0,1,0,0,1,0,0,0,1,"2"
0.735396825396825,0.517857142857143,0.631578947368421,0.223880597014925,0,0.01,0,0,1,0,1,0,0,0,0,0,0,0,1,0,0,0,0,0,0,0,0,0,0,1,0,0,0,0,0,0,0,0,0,1,0,0,"2"
0.148095238095238,0.410714285714286,0.12280701754386,0.134328358208955,0.028,0.00742,0,0,1,0,1,0,0,0,0,0,0,0,0,1,0,0,0,0,0,0,0,0,0,0,0,0,0,0,1,0,0,0,1,1,0,0,"2"
0.205079365079365,0.0967857142857143,0.184210526315789,0.0149253731343284,0.1055,0,0,0,0,1,0,0,1,0,0,1,0,0,0,0,0,0,0,0,0,0,0,0,0,0,0,0,0,0,1,0,0,0,1,1,0,0,"2"
0.546349206349206,0.125,0.12280701754386,0,0.115,0,0,0,1,0,1,0,0,1,0,0,0,0,0,0,0,0,0,0,0,0,0,0,0,0,0,0,0,0,1,0,0,1,1,0,0,1,"2"
0.435238095238095,0.144285714285714,0.245614035087719,0.119402985074627,0.16,0,0,0,1,0,1,0,0,0,0,1,0,0,0,0,0,0,0,0,0,0,0,0,0,0,1,0,0,0,0,0,0,0,1,1,0,0,"2"
0.669365079365079,0.410714285714286,0.175438596491228,0.0746268656716418,0,0.08851,0,0,1,0,1,0,0,0,0,0,0,0,1,0,0,0,0,0,0,0,0,0,0,1,0,0,0,0,0,0,0,0,1,1,0,0,"2"
0.637619047619048,0.34375,0.304035087719298,0.0746268656716418,0,0,0,0,1,0,1,0,0,0,0,0,0,1,0,0,0,0,0,0,0,0,0,0,0,0,0,0,0,0,1,0,0,0,1,1,0,0,"2"
0.0820634920634921,0.330357142857143,0.0350877192982456,0.0597014925373134,0.04,0.005,1,0,0,1,0,0,1,0,1,0,0,0,0,0,0,0,0,0,0,0,0,0,0,0,0,0,0,0,1,0,0,0,0,1,0,0,"2"
0.576666666666667,0.447857142857143,0.0803508771929825,0.0447761194029851,0.078,0,1,0,1,0,1,0,0,1,0,0,0,0,0,0,0,0,0,0,0,0,0,0,0,0,0,0,0,0,1,0,0,0,0,1,0,0,"2"
0.82015873015873,0.392857142857143,0.701754385964912,0.104477611940299,0.011,0,0,0,1,0,1,0,0,0,0,0,0,1,0,0,0,0,0,0,0,0,0,0,0,0,0,0,0,0,0,1,0,0,0,1,0,0,"2"
0.0607936507936508,0.321428571428571,0.0482456140350877,0,0,0,1,0,1,0,1,0,0,1,0,0,0,0,0,0,0,0,0,0,0,0,0,0,0,0,0,0,0,0,1,0,0,1,0,1,0,0,"2"
0.0806349206349206,0.340714285714286,0.00298245614035088,0,0.05,0,1,0,1,0,1,0,0,1,0,0,0,0,0,0,0,0,0,0,0,0,0,0,0,0,0,0,0,0,1,0,0,1,1,1,0,0,"2"
0.380952380952381,0.196428571428571,0.0043859649122807,0,0.114,0,1,0,1,0,1,0,0,0,0,0,0,0,0,0,0,0,0,1,0,0,0,0,0,0,0,0,0,0,1,0,0,1,0,1,0,0,"2"
0.150793650793651,0.142857142857143,0.0087719298245614,0,0.08,0,0,0,1,0,1,0,0,0,1,0,0,0,0,0,0,0,0,0,0,0,0,1,0,0,0,0,0,0,0,0,0,1,0,1,0,0,"2"
0.0687301587301587,0.196428571428571,0.0175438596491228,0,0.04,0,0,0,1,0,1,0,0,0,0,0,0,0,0,0,0,1,0,0,0,0,0,0,0,0,0,0,0,0,1,0,0,1,1,1,0,0,"2"
0.138888888888889,0.302142857142857,0.0863157894736842,0,0.082,0,1,0,0,1,0,0,1,0,0,0,0,0,0,0,0,0,0,0,0,0,1,0,0,0,0,0,0,0,1,0,1,1,1,1,0,0,"2"
0.093968253968254,0.0133928571428571,0.0701754385964912,0.0298507462686567,0.04,0,0,0,1,0,1,0,0,0,0,0,0,0,0,0,0,0,0,1,0,0,0,0,0,0,0,0,0,0,1,0,0,0,0,1,0,0,"2"
0.132222222222222,0.392857142857143,0.0233333333333333,0,0.05,0,0,0,1,0,1,0,0,0,0,1,0,0,0,0,0,0,0,0,0,0,0,0,0,0,0,0,0,0,1,0,0,1,1,1,0,0,"2"
0.181269841269841,0.125,0.0219298245614035,0.104477611940299,0,0.07059,0,0,1,0,1,0,0,0,0,1,0,0,0,0,0,0,0,0,0,0,0,0,0,0,0,0,0,0,1,0,0,0,1,1,0,0,"2"
0.534444444444444,0.107142857142857,0.486842105263158,0.0298507462686567,0.2595,0.01704,1,0,1,0,1,0,0,0,0,0,0,0,0,0,0,0,0,0,0,0,1,0,0,0,0,0,0,0,1,0,0,0,0,1,0,0,"2"
0.313492063492063,0.0625,0.157894736842105,0.0597014925373134,0.1265,0.00857,0,0,1,0,1,0,0,0,0,0,0,0,0,0,0,0,0,0,0,0,1,0,0,0,1,0,0,0,0,0,0,0,0,1,0,0,"2"
0.220952380952381,0.491071428571429,0.201754385964912,0,0.2435,0.005,0,0,1,0,1,0,0,0,0,0,0,0,0,0,0,0,0,0,0,1,0,0,0,0,0,0,0,0,1,0,0,1,0,1,0,0,"2"
0.709047619047619,0.75,0.350877192982456,0.194029850746269,0,0.067,1,0,1,0,1,0,0,0,0,0,0,0,0,1,0,0,0,0,0,0,0,1,0,0,0,0,0,0,0,0,0,0,1,1,0,0,"2"
0.10984126984127,0.0655357142857143,0.0731578947368421,0.0746268656716418,0.11,0.02503,1,0,1,0,1,0,0,0,0,0,0,0,0,0,0,0,0,1,0,0,0,0,0,0,0,0,0,0,1,0,0,0,1,1,0,0,"2"
0.197142857142857,0.00892857142857143,0,0,0,0,0,0,1,0,1,0,0,0,0,0,0,0,0,1,0,0,0,0,0,0,0,1,0,0,0,0,0,0,0,0,0,1,0,1,0,0,"2"
0.12031746031746,0.267857142857143,0.0496491228070175,0.0149253731343284,0.04,0.098,0,0,1,0,1,0,0,1,0,0,0,0,0,0,0,0,0,0,0,0,0,0,0,0,0,0,0,0,1,0,0,0,1,1,0,0,"2"
0.461587301587302,0.165178571428571,0.160701754385965,0,0,0,0,0,1,0,1,0,0,0,0,0,0,0,0,0,0,0,0,1,0,0,0,0,0,0,0,0,0,0,1,0,0,1,1,0,0,1,"2"
0.387619047619048,0.361607142857143,0.087719298245614,0.0895522388059701,0.26,0.00196,0,0,1,0,1,0,0,0,0,0,0,0,0,0,0,0,0,0,0,0,1,0,0,0,0,0,0,0,1,0,0,0,1,1,0,0,"2"
0.107142857142857,0.357142857142857,0.087719298245614,0,0.02,0,0,0,0,1,0,0,1,0,1,0,0,0,0,0,0,0,0,0,0,0,0,0,0,0,0,0,0,0,1,0,0,1,1,0,0,1,"2"
0.547619047619048,0.895892857142857,0.0614035087719298,0.0447761194029851,0.06,0.00014,0,0,1,0,1,0,0,0,0,0,0,0,0,0,0,0,0,0,0,1,0,0,0,0,0,0,0,0,1,0,0,0,1,1,0,0,"2"
0.231428571428571,0.178571428571429,0.385964912280702,0,0.035,0,0,0,1,0,1,0,0,0,0,0,0,0,0,0,0,0,0,0,0,1,0,0,0,0,0,0,0,0,1,0,0,1,0,1,0,0,"2"
0.0753968253968254,0.0714285714285714,0.0526315789473684,0.0298507462686567,0.06,0.003,0,0,1,0,1,0,0,0,0,0,0,0,0,1,0,0,0,0,0,0,0,0,0,0,0,0,0,0,1,0,0,0,1,1,0,0,"2"
0.308253968253968,0.108571428571429,0.071578947368421,0.0149253731343284,0.09,0.18027,0,0,0,1,0,0,1,0,1,0,0,0,0,0,0,0,0,0,0,0,0,0,0,0,1,0,0,0,0,0,0,0,0,1,0,0,"2"
0.496031746031746,0.303571428571429,0.491228070175439,0.0149253731343284,0.044,0.02,0,0,1,0,1,0,0,0,0,1,0,0,0,0,0,0,0,0,0,0,0,0,0,0,1,0,0,0,0,0,0,0,0,1,0,0,"2"
0.093968253968254,0.0075,0.0101754385964912,0.164179104477612,0.04,0.00099,1,0,1,0,1,0,0,0,0,0,0,0,0,0,0,0,0,1,0,0,0,0,0,0,1,0,0,0,0,0,0,0,1,1,0,0,"2"
0.128253968253968,0.392857142857143,0.0101754385964912,0.0895522388059701,0.0605,0,0,0,1,0,1,0,0,0,0,0,0,0,0,0,0,0,0,0,0,0,1,0,0,0,0,0,0,0,1,0,0,0,1,1,0,0,"2"
0.420634920634921,0.767857142857143,0.701754385964912,0.164179104477612,0,0.012,0,0,1,0,1,0,0,0,0,0,0,1,0,0,0,0,0,0,0,0,0,0,0,0,0,0,0,0,0,1,0,0,1,1,0,0,"2"
0.439206349206349,0.178571428571429,0.175438596491228,0.0895522388059701,0.235,0,0,0,1,0,1,0,0,0,0,0,0,0,0,0,0,0,0,1,0,0,0,0,0,0,1,0,0,0,0,0,0,0,0,1,0,0,"2"
0.0647619047619047,0.392857142857143,0.0350877192982456,0.164179104477612,0,0.03,1,0,1,0,1,0,0,0,0,0,0,0,0,0,0,0,0,0,0,0,1,0,0,0,1,0,0,0,0,0,0,0,1,1,0,0,"2"
0.14952380952381,0.397321428571429,0.016140350877193,0.0149253731343284,0.05,0,0,0,1,0,1,0,0,0,0,0,0,0,0,0,0,0,0,0,0,0,1,0,0,0,1,0,0,0,0,0,0,0,1,1,0,0,"2"
0.0701587301587302,0.366071428571429,0.0380701754385965,0,0.16,0.00013,0,0,1,0,1,0,0,0,1,0,0,0,0,0,0,0,0,0,0,0,0,0,0,0,1,0,0,0,0,0,1,1,1,1,0,0,"1"
0.0992063492063492,0.394464285714286,0.0701754385964912,0,0.068,0,0,0,1,0,1,0,0,0,1,0,0,0,0,0,0,0,0,0,0,0,0,0,0,0,0,0,0,0,1,0,1,1,0,1,0,0,"1"
0.0992063492063492,0,0.0175438596491228,0,0.072,0,0,0,1,0,1,0,0,0,0,0,1,0,0,0,0,0,0,0,0,0,0,0,0,0,0,0,0,0,1,0,1,1,1,1,0,0,"1"
0.111111111111111,0.340714285714286,0.00140350877192982,0,0.1,0.01,1,0,1,0,1,0,0,0,0,0,0,0,0,1,0,0,0,0,0,0,0,0,0,0,0,0,0,0,1,0,1,1,1,1,0,0,"1"
0.170634920634921,0.0625,0.00578947368421053,0,0.066,0,1,0,0,1,0,0,1,0,1,0,0,0,0,0,0,0,0,0,0,0,0,0,0,0,0,0,0,0,1,0,1,1,1,1,0,0,"1"
0.301587301587302,0.0833928571428571,0.201754385964912,0,0.146,0,0,0,1,0,1,0,0,0,0,0,1,0,0,0,0,0,0,0,0,0,0,0,0,0,1,0,0,0,0,0,1,1,0,1,0,0,"1"
0.60984126984127,0,0,0,0,0,1,0,0,1,0,0,1,0,0,0,0,0,1,0,0,0,0,0,0,0,0,0,0,1,0,0,0,0,0,0,1,1,1,1,0,0,"1"
0.546349206349206,0.0476785714285714,0.0117543859649123,0,0,0.0012,1,0,1,0,1,0,0,0,0,0,0,0,0,1,0,0,0,0,0,0,0,0,0,0,0,0,0,1,0,0,1,1,1,1,0,0,"1"
0.105873015873016,0.375,0,0,0.077,0.00032,1,0,0,1,0,0,1,0,0,0,0,0,0,0,0,0,0,0,0,0,1,0,0,0,1,0,0,0,0,0,1,1,0,1,0,0,"1"
0.587301587301587,0.0208928571428571,0,0,0.0725,0,0,0,1,0,1,0,0,0,0,0,0,0,1,0,0,0,0,0,0,0,0,0,0,1,0,0,0,0,0,0,1,1,1,1,0,0,"1"
0.0528571428571428,0.00303571428571429,0.00140350877192982,0,0.07,0.00722,0,0,0,1,0,0,1,0,1,0,0,0,0,0,0,0,0,0,0,0,0,0,0,0,0,0,0,0,1,0,1,1,1,1,0,0,"1"
0.0726984126984127,0.0432142857142857,0,0,0.05,0,0,0,0,1,0,0,1,0,0,0,0,1,0,0,0,0,0,0,0,0,0,0,1,0,0,0,0,0,0,0,1,1,1,1,0,0,"1"
0.28968253968254,0.214285714285714,0.043859649122807,0,0.136,0,1,0,1,0,1,0,0,0,0,0,1,0,0,0,0,0,0,0,0,0,0,0,0,0,0,0,0,0,1,0,1,1,1,1,0,0,"1"
0.728888888888889,0.055,0.0043859649122807,0,0.13,0,0,0,1,0,1,0,0,0,0,0,0,0,0,0,0,0,0,1,0,0,0,0,0,0,0,0,0,0,1,0,0,1,0,1,0,0,"2"
0.0674603174603175,0.00589285714285714,0.00736842105263158,0,0.1,4e-04,0,0,1,0,1,0,0,0,0,0,0,0,0,0,0,0,0,1,0,0,0,0,0,0,0,0,1,0,0,0,1,1,1,1,0,0,"2"
0.294920634920635,0.0892857142857143,0.043859649122807,0,0.14,0,0,0,1,0,1,0,0,0,1,0,0,0,0,0,0,0,0,0,0,0,0,0,0,0,0,0,0,0,1,0,1,1,0,1,0,0,"1"
0.0687301587301587,0.241071428571429,0.00140350877192982,0,0.07,0,0,0,0,1,0,0,1,0,0,0,0,0,0,0,0,0,1,0,0,0,0,0,0,0,0,0,0,0,1,0,1,1,1,1,0,0,"1"
0.388888888888889,0.361607142857143,0.0043859649122807,0,0.08,0,0,0,0,1,0,0,1,0,0,0,0,0,0,0,0,1,0,0,0,0,0,0,0,0,0,0,0,0,1,0,1,1,1,1,0,0,"1"
0.268571428571429,0.0892857142857143,0.0789473684210526,0,0.17,0,0,0,1,0,1,0,0,0,0,1,0,0,0,0,0,0,0,0,0,0,0,0,0,0,1,0,0,0,0,0,1,1,0,0,0,1,"1"
0.0766666666666666,0.203928571428571,0.0189473684210526,0,0.06,0,0,0,1,0,1,0,0,0,0,0,1,0,0,0,0,0,0,0,0,0,0,0,0,0,0,0,0,0,1,0,1,1,1,1,0,0,"1"
0.0860317460317461,0.193392857142857,0.0101754385964912,0,0.04,0.00484,1,0,1,0,1,0,0,0,0,0,0,0,0,1,0,0,0,0,0,0,0,0,0,0,1,0,0,0,0,0,1,1,1,1,0,0,"1"
0.0701587301587302,0.357142857142857,0.00578947368421053,0,0.17,0,1,0,0,1,0,0,1,0,0,0,0,0,0,0,0,0,0,1,0,0,0,0,0,0,1,0,0,0,0,0,1,1,1,1,0,0,"1"
0.0396825396825397,0.0298214285714286,0.00298245614035088,0,0.1,0,0,0,1,0,1,0,0,0,0,0,0,0,0,0,0,0,1,0,0,0,0,0,0,0,0,0,0,0,1,0,0,1,1,0,0,1,"1"
0.117777777777778,0.03125,0.0087719298245614,0,0.14,0.00204,0,0,0,1,0,0,1,0,1,0,0,0,0,0,0,0,0,0,0,0,0,0,0,0,1,0,0,0,0,0,1,1,1,1,0,0,"1"
0.161428571428571,0.0208928571428571,0.0043859649122807,0,0.12,1e-05,0,0,0,1,0,0,1,0,0,1,0,0,0,0,0,0,0,0,0,0,0,0,0,0,1,0,0,0,0,0,1,1,1,1,0,0,"1"
0.0622222222222222,0.159285714285714,0.0087719298245614,0,0.04,0,0,0,1,0,1,0,0,0,1,0,0,0,0,0,0,0,0,0,0,0,0,0,0,0,0,0,0,0,1,0,1,1,1,0,0,1,"1"
0.0436507936507936,0.0446428571428571,0.0087719298245614,0.0149253731343284,0.054,0.00098,1,0,1,0,1,0,0,0,0,0,0,0,0,0,0,0,0,1,0,0,0,0,0,0,0,0,0,0,1,0,1,0,1,1,0,0,"1"
0.150793650793651,0.450892857142857,0.0043859649122807,0.0298507462686567,0,0.05552,0,0,1,0,1,0,0,0,1,0,0,0,0,0,0,0,0,0,0,0,0,0,0,0,0,0,0,0,1,0,1,0,1,1,0,0,"1"
0.0607936507936508,0.357142857142857,0.00578947368421053,0.0149253731343284,0.06,1e-05,0,0,1,0,1,0,0,0,0,0,0,0,0,0,0,0,0,0,0,1,0,0,0,0,1,0,0,0,0,0,1,0,1,1,0,0,"1"
0.25,0.0207142857142857,0.0101754385964912,0.0149253731343284,0.17,0.02803,0,0,1,0,1,0,0,0,0,0,0,0,0,0,0,0,0,0,0,1,0,0,0,0,0,0,0,0,1,0,1,0,1,1,0,0,"1"
0.0806349206349206,0.0148214285714286,0.00578947368421053,0.0149253731343284,0.1,1e-05,0,0,0,1,0,0,1,0,1,0,0,0,0,0,0,0,0,0,0,0,0,0,0,0,0,0,0,0,1,0,1,0,1,1,0,0,"1"
0.126984126984127,0.0625,0,0,0.08,0,1,0,0,1,0,0,1,0,0,0,0,0,0,0,1,0,0,0,0,0,0,0,0,0,0,1,0,0,0,0,1,1,1,1,0,0,"1"
0.146825396825397,0.0267857142857143,0.0175438596491228,0,0.16,0,0,0,1,0,1,0,0,0,0,0,0,0,0,0,0,0,1,0,0,0,0,0,0,0,0,0,0,0,1,0,1,1,0,0,0,1,"1"
0.0714285714285714,0.357142857142857,0.0350877192982456,0.0149253731343284,0.06,1e-05,1,0,1,0,1,0,0,0,0,0,0,0,0,0,0,0,0,0,0,1,0,0,0,0,0,0,0,0,1,0,1,0,1,1,0,0,"1"
0.185238095238095,0.0192857142857143,0.00578947368421053,0.0149253731343284,0.136,0.00444,0,0,1,0,1,0,0,0,0,0,0,0,0,0,0,0,0,0,0,1,0,0,0,0,0,0,0,0,1,0,1,0,1,1,0,0,"1"
0.349206349206349,0.08625,0.0043859649122807,0.0298507462686567,0.11,1e-05,0,0,1,0,1,0,0,0,0,0,0,0,0,0,0,0,0,0,0,1,0,0,0,0,0,0,0,0,1,0,1,0,1,1,0,0,"1"
0.036984126984127,0.0119642857142857,0,0.0149253731343284,0.08,0.00126,1,0,1,0,1,0,0,0,0,0,0,0,1,0,0,0,0,0,0,0,0,0,0,1,0,0,0,0,0,0,1,0,1,1,0,0,"1"
0.288412698412698,0.111607142857143,0.106666666666667,0.0298507462686567,0.1,4e-05,1,0,1,0,1,0,0,0,0,0,0,0,1,0,0,0,0,0,0,0,0,0,0,1,0,0,0,0,0,0,1,0,0,1,0,0,"1"
0.87968253968254,0.321428571428571,0.140350877192982,0.0149253731343284,0.035,6e-05,0,0,1,0,1,0,0,0,0,0,0,0,1,0,0,0,0,0,0,0,0,0,0,1,0,0,0,0,0,0,1,0,1,1,0,0,"1"
0.304285714285714,0.0892857142857143,0.0614035087719298,0.0298507462686567,0.36,0,0,0,1,0,1,0,0,1,0,0,0,0,0,0,0,0,0,0,0,0,0,0,0,0,0,0,0,0,1,0,1,0,0,1,0,0,"1"
0.0409523809523809,0.0982142857142857,0.0233333333333333,0.0149253731343284,0.04,0.00021,0,0,1,0,1,0,0,1,0,0,0,0,0,0,0,0,0,0,0,0,0,0,0,0,0,0,0,0,1,0,1,0,1,1,0,0,"1"
0.133650793650794,0.433035714285714,0.117017543859649,0.0298507462686567,0.09,0.00173,0,0,1,0,1,0,0,0,1,0,0,0,0,0,0,0,0,0,0,0,0,0,0,0,0,0,0,0,1,0,1,0,0,1,0,0,"1"
0.695714285714286,0.0714285714285714,0.228070175438596,0.0149253731343284,0,1e-04,1,0,1,0,1,0,0,0,0,0,0,0,1,0,0,0,0,0,0,0,0,0,0,1,0,0,0,0,0,0,1,0,1,1,0,0,"1"
0.0714285714285714,0.00589285714285714,0.0087719298245614,0,0.14,0,0,0,1,0,1,0,0,0,0,0,1,0,0,0,0,0,0,0,0,0,0,0,0,0,0,0,0,0,1,0,1,1,0,0,0,1,"1"
0.153492063492064,0.0357142857142857,0.0175438596491228,0,0.14,0,0,0,1,0,1,0,0,0,1,0,0,0,0,0,0,0,0,0,0,0,0,0,0,0,0,0,0,0,1,0,1,1,0,0,0,1,"1"
0.0344444444444444,0.102678571428571,0.00298245614035088,0,0.06,0,1,0,1,0,1,0,0,0,0,0,0,0,0,0,0,0,0,1,0,0,0,0,0,0,0,0,0,0,1,0,1,1,1,1,0,0,"1"
0.174603174603175,0.488035714285714,0.0526315789473684,0,0.14,1e-05,1,0,1,0,1,0,0,0,0,0,0,0,0,0,0,0,0,1,0,0,0,0,0,0,1,0,0,0,0,0,1,1,1,1,0,0,"1"
0.555555555555556,0.940535714285714,0,0,0,0,0,0,0,1,0,0,1,0,0,0,0,0,1,0,0,0,0,0,0,0,0,0,0,1,0,0,0,0,0,0,0,1,0,1,0,0,"1"
0.154761904761905,0.0982142857142857,0.157894736842105,0,0.08,0.00025,0,0,1,0,1,0,0,0,0,0,0,0,1,0,0,0,0,0,0,0,0,0,0,1,0,0,0,0,0,0,1,1,1,1,0,0,"1"
0.0766666666666666,0.3675,0.0145614035087719,0,0.04,0,0,0,1,0,1,0,0,0,0,0,0,0,1,0,0,0,0,0,0,0,0,0,0,1,0,0,0,0,0,0,1,1,1,1,0,0,"1"
0.222222222222222,0.0460714285714286,0.0087719298245614,0,0.07,0,0,0,1,0,1,0,0,0,0,0,0,0,0,0,0,1,0,0,0,0,0,0,0,0,1,0,0,0,0,0,1,1,0,0,0,1,"1"
0.285714285714286,0.107142857142857,0,0,0.08,2e-04,1,0,0,1,0,0,1,0,0,0,0,0,0,0,1,0,0,0,0,0,0,0,0,0,0,1,0,0,0,0,1,1,1,1,0,0,"1"
0.175873015873016,0.160714285714286,0.0350877192982456,0,0.18,6e-05,1,0,1,0,1,0,0,0,0,0,0,0,0,0,0,0,0,0,0,1,0,0,0,0,0,0,0,0,1,0,1,1,0,1,0,0,"1"
0.0833333333333333,0.0625,0.0819298245614035,0,0.056,6e-05,0,0,0,1,0,0,1,0,1,0,0,0,0,0,0,0,0,0,0,0,0,0,0,0,0,0,0,0,1,0,1,1,0,1,0,0,"1"
0.0409523809523809,0.0075,0.0043859649122807,0,0.1,1e-05,1,0,1,0,1,0,0,1,0,0,0,0,0,0,0,0,0,0,0,0,0,0,0,0,0,0,0,0,1,0,1,1,1,1,0,0,"1"
0.0766666666666666,0.357142857142857,0.0145614035087719,0,0.04,0.00042,1,0,1,0,1,0,0,0,0,0,1,0,0,0,0,0,0,0,0,0,0,0,0,0,0,0,0,0,1,0,1,1,1,1,0,0,"1"
0.0396825396825397,0,0.0087719298245614,0,0.03,0,0,0,0,1,0,0,1,1,0,0,0,0,0,0,0,0,0,0,0,0,0,0,0,0,0,0,0,0,1,0,1,1,1,1,0,0,"1"
0.146825396825397,0.0267857142857143,0.0175438596491228,0,0.16,0,0,0,1,0,1,0,0,0,0,0,0,0,0,0,0,0,1,0,0,0,0,0,0,0,0,0,0,0,1,0,0,1,0,0,0,1,"1"
0.117777777777778,0.00892857142857143,0.0087719298245614,0,0.14,0.00204,0,0,0,1,0,0,1,0,1,0,0,0,0,0,0,0,0,0,0,0,0,0,0,0,1,0,0,0,0,0,1,1,1,1,0,0,"1"
0.0595238095238095,0.785714285714286,0,0,0.225,1,0,1,0,0,0,1,0,0,0,0,0,0,1,0,0,0,0,0,0,0,0,0,0,0,0,0,0,1,0,0,1,1,0,0,1,0,"2"
0.0860317460317461,0,0,0,0.25,1e-05,0,0,0,1,0,0,1,0,0,0,0,0,0,0,0,0,1,0,0,0,0,1,0,0,0,0,0,0,0,0,1,1,0,0,0,1,"2"
0.365079365079365,0.00446428571428571,0.0526315789473684,0,0.116,0.00113,0,0,0,1,0,0,1,0,1,0,0,0,0,0,0,0,0,0,0,0,0,0,0,0,0,0,0,0,1,0,1,1,0,1,0,0,"2"
0.119047619047619,0.0535714285714286,0.0526315789473684,0,0.075,8e-05,0,0,1,0,1,0,0,0,0,0,0,0,0,0,0,0,0,0,0,1,0,0,0,0,0,0,0,0,1,0,1,1,1,1,0,0,"2"
0.0687301587301587,0.0133928571428571,0.350877192982456,0,0.15,0,1,1,0,0,0,1,0,0,0,1,0,0,0,0,0,0,0,0,0,0,0,0,0,1,0,0,0,0,0,0,1,1,0,0,0,1,"2"
0.316190476190476,0.0133928571428571,0.0131578947368421,0,0.15,0.00044,1,0,1,0,1,0,0,0,0,1,0,0,0,0,0,0,0,0,0,0,0,0,0,0,0,0,0,0,1,0,1,1,1,1,0,0,"2"
0.552857142857143,0.00732142857142857,0.0087719298245614,0.164179104477612,0.19,0.02732,0,0,0,1,0,0,1,0,0,0,0,0,0,0,0,1,0,0,0,0,0,0,0,0,0,0,0,0,1,0,0,0,1,1,0,0,"2"
0.316190476190476,0.0446428571428571,0.0408771929824561,0,0.06,0,0,0,1,0,1,0,0,0,0,0,0,0,0,0,0,0,0,0,0,1,0,0,0,0,0,0,0,0,1,0,1,1,1,1,0,0,"1"
0.25,0.03875,0.0350877192982456,0,0.14,0.00013,1,0,0,1,0,0,1,0,0,0,0,0,0,0,0,0,0,0,0,0,1,0,0,0,0,0,0,0,1,0,1,1,1,1,0,0,"1"
0.260634920634921,0.03875,0.00140350877192982,0,0.085,0.00179,0,0,0,1,0,0,1,0,1,0,0,0,0,0,0,0,0,0,0,0,0,0,0,0,0,0,0,0,1,0,1,1,1,1,0,0,"1"
0.334603174603175,0.0892857142857143,0.105263157894737,0,0.1,0,0,0,0,1,0,0,1,0,0,0,0,0,0,0,0,0,0,0,0,1,0,0,0,0,0,0,0,0,1,0,1,1,1,0,0,1,"1"
0.30952380952381,0.0892857142857143,0.087719298245614,0,0,2e-05,1,0,0,1,0,0,1,0,1,0,0,0,0,0,0,0,0,0,0,0,0,0,0,0,0,0,0,0,1,0,1,1,0,1,0,0,"1"
0.322698412698413,0.0892857142857143,0.0350877192982456,0,0.23,0.00016,0,0,1,0,1,0,0,0,1,0,0,0,0,0,0,0,0,0,0,0,0,0,0,0,0,0,0,0,1,0,1,1,1,1,0,0,"1"
0.182539682539683,0.446428571428571,0.0350877192982456,0,0.09,0.01062,1,0,1,0,1,0,0,0,0,0,1,0,0,0,0,0,0,0,0,0,0,0,0,0,0,0,0,0,1,0,1,1,0,1,0,0,"1"
0.333333333333333,0.0892857142857143,0.0175438596491228,0,0.174,0,0,0,1,0,1,0,0,0,0,1,0,0,0,0,0,0,0,0,0,0,0,1,0,0,0,0,0,0,0,0,1,1,1,1,0,0,"1"
0.220952380952381,0.0267857142857143,0.00578947368421053,0,0.11,0.00251,0,0,1,0,1,0,0,0,0,0,0,0,0,0,0,0,0,1,0,0,0,0,0,0,1,0,0,0,0,0,1,1,0,1,0,0,"1"
0.533015873015873,0.232142857142857,0.0350877192982456,0,0,0.00228,0,0,1,0,1,0,0,0,1,0,0,0,0,0,0,0,0,0,0,0,0,0,0,0,0,0,0,0,1,0,1,1,0,1,0,0,"1"
0.334603174603175,0.0446428571428571,0.0175438596491228,0,0.08,0,1,0,0,1,0,0,1,0,0,0,0,0,0,1,0,0,0,0,0,0,0,0,0,0,1,0,0,0,0,0,1,1,0,1,0,0,"1"
0.30952380952381,0.107142857142857,0.0701754385964912,0,0.09,0,1,0,0,1,0,0,1,1,0,0,0,0,0,0,0,0,0,0,0,0,0,0,0,0,0,0,0,0,1,0,1,1,1,1,0,0,"1"
0.226190476190476,0.107142857142857,0.0263157894736842,0,0.15,0.00067,0,0,1,0,1,0,0,0,0,0,0,0,0,0,0,0,0,0,0,1,0,0,0,0,0,0,0,0,1,0,1,1,0,1,0,0,"1"
0.402063492063492,0.142857142857143,0.105263157894737,0,0.24,0,1,0,1,0,1,0,0,0,1,0,0,0,0,0,0,0,0,0,0,0,0,0,0,0,0,0,0,0,1,0,1,1,1,1,0,0,"1"
0.46031746031746,0.145892857142857,0.00140350877192982,0,0.054,0.001,0,0,1,0,1,0,0,1,0,0,0,0,0,0,0,0,0,0,0,0,0,0,0,0,0,0,0,0,1,0,1,1,1,1,0,0,"1"
0.209047619047619,0.0803571428571429,0.0175438596491228,0,0.32,0.04,0,0,1,0,1,0,0,0,0,0,0,0,0,1,0,0,0,0,0,0,0,1,0,0,0,0,0,0,0,0,1,1,0,1,0,0,"1"
0.317460317460317,0.0982142857142857,0,0,0.09,0,0,0,1,0,1,0,0,0,0,0,0,0,0,1,0,0,0,0,0,0,0,1,0,0,0,0,0,0,0,0,1,1,1,1,0,0,"1"
0.39952380952381,0.0625,0.0175438596491228,0,0.15,2e-05,0,0,1,0,1,0,0,0,0,0,0,0,0,0,0,1,0,0,0,0,0,0,0,0,0,0,0,0,1,0,1,1,0,1,0,0,"1"
0.777777777777778,0.25,0,0,0,0.00012,0,0,1,0,1,0,0,0,0,0,0,1,0,0,0,0,0,0,0,0,0,0,0,0,0,0,0,0,0,1,1,1,1,1,0,0,"1"
0.206349206349206,0.160714285714286,0.087719298245614,0,0.1,0.0121,0,0,0,1,0,0,1,0,1,0,0,0,0,0,0,0,0,0,0,0,0,1,0,0,0,0,0,0,0,0,1,1,1,1,0,0,"1"
0.786984126984127,0.0192857142857143,0.0205263157894737,0.0447761194029851,0.09,0,0,0,1,0,1,0,0,0,1,0,0,0,0,0,0,0,0,0,0,0,0,0,0,0,0,0,0,0,1,0,0,0,0,1,0,0,"1"
0.223492063492063,0.0535714285714286,0.0789473684210526,0.0149253731343284,0.05,3e-05,0,0,1,0,1,0,0,0,0,0,0,0,0,0,0,0,0,0,0,1,0,0,0,0,0,0,0,0,1,0,1,0,0,1,0,0,"1"
0.197142857142857,0.0714285714285714,0,0,0.138,1e-05,1,0,1,0,1,0,0,0,0,0,0,0,0,0,1,0,0,0,0,0,0,0,0,0,0,1,0,0,0,0,1,1,0,1,0,0,"1"
0.133650793650794,0.0208928571428571,0,0,0.05,0,0,0,0,1,0,0,1,0,0,0,0,0,1,0,0,0,0,0,0,0,0,0,0,1,0,0,0,0,0,0,1,1,1,1,0,0,"1"
0.138888888888889,0.410714285714286,0.0526315789473684,0,0,0.04,0,0,0,1,0,0,1,0,0,0,0,0,0,0,0,0,1,0,0,0,0,0,0,0,0,0,0,0,1,0,1,1,0,1,0,0,"1"
0.26984126984127,0.0566071428571429,0.0205263157894737,0,0,0,0,0,1,0,1,0,0,0,0,0,1,0,0,0,0,0,0,0,0,0,0,0,0,0,0,0,0,0,1,0,1,1,0,0,0,1,"1"
0.363809523809524,0.0714285714285714,0.0087719298245614,0,0.1105,0,0,0,1,0,1,0,0,0,0,0,0,0,0,1,0,0,0,0,0,0,0,0,0,0,0,0,0,0,1,0,1,1,0,1,0,0,"1"
0.0357142857142857,0.00589285714285714,0.0350877192982456,0.0298507462686567,0.16,1e-05,1,0,1,0,1,0,0,1,0,0,0,0,0,0,0,0,0,0,0,0,0,0,0,0,0,0,0,0,1,0,1,0,0,1,0,0,"1"
0.435238095238095,0.0476785714285714,0.00578947368421053,0,0.084,0,0,0,1,0,1,0,0,0,0,0,1,0,0,0,0,0,0,0,0,0,0,0,0,0,0,0,0,0,1,0,1,1,1,1,0,0,"1"
0.0912698412698413,0.00589285714285714,0.00140350877192982,0,0.19,0,1,0,1,0,1,0,0,0,0,0,0,0,0,0,0,0,0,1,0,0,0,0,0,0,0,0,0,0,1,0,1,1,0,1,0,0,"1"
0.296349206349206,0.107142857142857,0.00578947368421053,0,0.06,0,0,0,1,0,1,0,0,0,0,0,1,0,0,0,0,0,0,0,0,0,0,0,0,0,0,0,0,0,1,0,1,1,0,1,0,0,"1"
0.365079365079365,0.168214285714286,0,0,0.08,0,1,0,1,0,1,0,0,0,0,0,0,0,1,0,0,0,0,0,0,0,0,0,0,1,0,0,0,0,0,0,1,1,1,1,0,0,"1"
0.261904761904762,0.196428571428571,0.192982456140351,0,0.05,0,1,0,1,0,1,0,0,0,0,0,0,0,0,0,0,1,0,0,0,0,0,0,0,0,0,0,0,0,1,0,1,1,0,0,0,1,"1"
0.148095238095238,0.0892857142857143,0.00298245614035088,0,0.05,0.04208,0,0,1,0,1,0,0,0,0,0,0,0,1,0,0,0,0,0,0,0,0,0,0,1,0,0,0,0,0,0,1,1,0,1,0,0,"1"
0.207619047619048,0.0192857142857143,0,0,0.05,0,0,0,1,0,1,0,0,0,0,0,0,0,0,0,0,1,0,0,0,0,0,0,0,1,0,0,0,0,0,0,1,1,1,1,0,0,"1"
0.0503174603174603,0.0119642857142857,0.0101754385964912,0,0.1,0,0,0,0,1,0,0,1,0,0,0,0,0,0,0,0,1,0,0,0,0,0,0,0,0,0,0,0,0,1,0,1,1,1,0,0,1,"1"
0.169365079365079,0.0714285714285714,0.00578947368421053,0.0298507462686567,0.16,0.013,0,0,1,0,1,0,0,0,0,0,0,1,0,0,0,0,0,0,0,0,0,0,1,0,0,0,0,0,0,0,1,0,1,1,0,0,"1"
0.461587301587302,0.0446428571428571,0.486842105263158,0.0149253731343284,0.176,0.00112,0,0,1,0,1,0,0,0,0,0,0,0,0,0,0,0,1,0,0,0,0,0,0,0,0,0,0,0,1,0,1,0,0,1,0,0,"1"
0.142857142857143,0.220178571428571,0.00578947368421053,0,0.11,0.01,1,0,1,0,1,0,0,1,0,0,0,0,0,0,0,0,0,0,0,0,0,0,0,0,0,0,0,0,1,0,1,1,1,1,0,0,"1"
0.407460317460317,0.0610714285714286,0.00578947368421053,0,0.2,0,0,0,0,1,0,0,1,0,0,0,0,0,0,0,0,0,1,0,0,0,0,0,0,0,0,0,0,0,1,0,1,1,1,0,0,1,"1"
0.156031746031746,0.410714285714286,0.105263157894737,0,0.01,0.00016,1,0,0,1,0,0,1,0,0,0,0,0,0,0,0,1,0,0,0,0,0,0,0,0,1,0,0,0,0,0,1,1,0,1,0,0,"1"
0.121746031746032,0.0267857142857143,0.0263157894736842,0,0.066,2e-05,0,0,0,1,0,0,1,0,0,0,0,0,0,0,0,0,0,0,1,0,0,0,0,0,0,0,1,0,0,0,1,1,0,1,0,0,"1"
0.305555555555556,0.0892857142857143,0.245614035087719,0,0.14,0,0,0,0,1,0,0,1,0,0,0,0,0,0,0,0,0,0,0,0,1,0,0,0,0,0,0,0,0,1,0,1,1,0,1,0,0,"1"
0.19968253968254,0.464285714285714,0,0,0.07,0.0111,0,0,1,0,1,0,0,0,0,0,0,1,0,0,0,0,0,0,0,0,0,0,1,0,0,0,0,0,0,0,1,1,0,1,0,0,"1"
0.496031746031746,0.16375,0.0350877192982456,0,0.12,0,1,0,1,0,1,0,0,0,0,0,0,0,0,0,0,1,0,0,0,0,0,0,0,0,1,0,0,0,0,0,1,1,0,0,0,1,"1"
0.198412698412698,0.055,0.0043859649122807,0,0.05,0,0,0,1,0,1,0,0,0,0,0,0,0,0,0,0,0,0,0,0,1,0,0,0,0,0,0,0,0,1,0,1,1,1,1,0,0,"1"
0.112380952380952,0.0178571428571429,0.0350877192982456,0,0.13,0,1,0,0,1,0,0,1,0,0,0,0,1,0,0,0,0,0,0,0,0,0,0,1,0,0,0,0,0,0,0,1,1,1,1,0,0,"1"
0.236825396825397,0.517857142857143,0.0043859649122807,0,0,0.00286,0,0,1,0,1,0,0,0,0,0,1,0,0,0,0,0,0,0,0,0,0,0,0,0,0,0,0,0,1,0,1,1,1,1,0,0,"1"
0.10984126984127,0.0298214285714286,0.0701754385964912,0,0.12,0,0,0,0,1,0,0,1,0,1,0,0,0,0,0,0,0,0,0,0,0,0,0,0,0,0,0,0,0,1,0,1,1,0,0,0,1,"1"
0.328095238095238,0.0476785714285714,0.0043859649122807,0,0.22,0.045,0,0,1,0,1,0,0,0,0,0,0,0,0,1,0,0,0,0,0,0,0,1,0,0,0,0,0,0,0,0,1,1,0,1,0,0,"1"
0.314761904761905,0.00892857142857143,0.140350877192982,0,0.21,0,0,0,1,0,1,0,0,0,0,0,0,0,0,1,0,0,0,0,0,0,0,1,0,0,0,0,0,0,0,0,1,1,0,0,0,1,"1"
0.466984126984127,0.178571428571429,0.0789473684210526,0,0.0705,0,0,0,1,0,1,0,0,0,0,0,0,0,0,1,0,0,0,0,0,0,0,1,0,0,0,0,0,0,0,0,1,1,0,1,0,0,"1"
0.141587301587302,0.25,0.00578947368421053,0,0.08,0,1,0,1,0,1,0,0,0,1,0,0,0,0,0,0,0,0,0,0,0,0,0,0,0,0,0,0,0,1,0,1,1,1,1,0,0,"1"
0.167936507936508,0.0892857142857143,0.157894736842105,0,0.1,0.00456,1,0,0,1,0,0,1,0,0,0,0,0,0,1,0,0,0,0,0,0,0,1,0,0,0,0,0,0,0,0,1,1,1,1,0,0,"1"
0.683809523809524,0.151785714285714,0.175438596491228,0,0,4e-05,1,0,0,1,0,0,1,0,0,0,0,0,1,0,0,0,0,0,0,0,0,0,0,1,0,0,0,0,0,0,1,1,0,1,0,0,"1"
0.132222222222222,0.409285714285714,0.0556140350877193,0,0.05,0.01212,0,0,1,0,1,0,0,0,0,0,0,0,0,0,0,1,0,0,0,0,0,0,0,0,0,0,0,0,1,0,1,1,0,1,0,0,"1"
0.321428571428571,0.196428571428571,0.0526315789473684,0,0.03,0,0,0,0,1,0,0,1,0,1,0,0,0,0,0,0,0,0,0,0,0,0,0,0,0,0,0,0,0,1,0,1,1,0,1,0,0,"1"
0.14015873015873,0.0535714285714286,0.0189473684210526,0,0.06,0.00067,0,0,0,1,0,0,1,1,0,0,0,0,0,0,0,0,0,0,0,0,0,0,0,0,0,0,0,0,1,0,1,1,0,1,0,0,"1"
0.117777777777778,0,0.0175438596491228,0,0,0,0,0,1,0,1,0,0,0,1,0,0,0,0,0,0,0,0,0,0,0,0,0,0,0,0,0,0,0,1,0,1,1,0,0,0,1,"1"
0.205079365079365,0.520892857142857,0,0,0.089,0,0,0,1,0,1,0,0,0,0,0,0,0,0,1,0,0,0,0,0,0,0,1,0,0,0,0,0,0,0,0,1,1,0,1,0,0,"1"
0.145555555555556,0.00607142857142857,0.00298245614035088,0,0,0,0,0,1,0,1,0,0,0,0,0,0,0,0,0,0,0,1,0,0,0,0,0,0,0,0,0,0,0,1,0,1,1,1,0,0,1,"1"
0.0225396825396825,0.25,0.0350877192982456,0,0.3,0,0,0,1,0,1,0,0,0,0,0,0,1,0,0,0,0,0,0,0,0,0,0,0,0,0,0,0,0,1,0,1,1,1,1,0,0,"1"
0.415396825396825,0.178571428571429,0.00736842105263158,0,0.275,0,0,0,1,0,1,0,0,0,0,0,0,0,0,1,0,0,0,0,0,0,0,1,0,0,0,0,0,0,0,0,1,1,1,1,0,0,"1"
0.216984126984127,0.446428571428571,0.0087719298245614,0,0.36,0,0,0,1,0,1,0,0,1,0,0,0,0,0,0,0,0,0,0,0,0,0,1,0,0,0,0,0,0,0,0,1,1,0,1,0,0,"1"
0.174603174603175,0.0192857142857143,0.0350877192982456,0,0.06,1e-05,0,0,1,0,1,0,0,0,0,0,0,0,0,0,0,0,1,0,0,0,0,0,0,0,0,0,0,0,1,0,1,1,0,1,0,0,"1"
0.435238095238095,0.0446428571428571,0.0087719298245614,0,0,0.00195,0,0,0,1,0,0,1,0,0,0,0,0,0,0,0,0,0,0,0,1,0,0,0,0,0,0,0,0,1,0,1,1,1,1,0,0,"1"
0.306825396825397,0.0580357142857143,0.0189473684210526,0,0,0,1,0,1,0,1,0,0,0,0,0,1,0,0,0,0,0,0,0,0,0,0,0,0,0,0,0,0,0,1,0,1,1,0,1,0,0,"1"
0.255238095238095,0.0728571428571429,0.00140350877192982,0,0.064,1e-05,0,0,0,1,0,0,1,0,0,0,0,0,0,0,0,0,0,0,0,0,1,0,0,0,1,0,0,0,0,0,1,1,1,1,0,0,"1"
0.156031746031746,0.0208928571428571,0.0043859649122807,0,0.06,0.00087,1,0,0,1,0,0,1,0,0,0,0,0,1,0,0,0,0,0,0,0,0,0,0,1,0,0,0,0,0,0,1,1,1,1,0,0,"1"
0.197142857142857,0.446428571428571,0.043859649122807,0,0,0.00017,0,0,0,1,0,0,1,0,0,0,0,0,0,0,0,1,0,0,0,0,0,0,0,0,1,0,0,0,0,0,1,1,0,1,0,0,"1"
0.273809523809524,0.0744642857142857,0.00298245614035088,0,0.15,0,0,0,1,0,1,0,0,0,1,0,0,0,0,0,0,0,0,0,0,0,0,0,0,0,0,0,0,0,1,0,1,1,1,1,0,0,"1"
0.111111111111111,0.181607142857143,0.0101754385964912,0,0.07,0.00184,0,0,0,1,0,0,1,0,0,0,0,0,0,0,1,0,0,0,0,0,0,0,0,0,0,0,0,0,1,0,1,1,1,1,0,0,"1"
0.240793650793651,0.0133928571428571,0.0101754385964912,0,0.11,0.0014,0,0,1,0,1,0,0,0,1,0,0,0,0,0,0,0,0,0,0,0,0,0,0,0,0,0,0,0,1,0,1,1,1,1,0,0,"1"
0.605873015873016,0.232142857142857,0.108245614035088,0,0.0365,0,1,0,1,0,1,0,0,0,0,0,0,0,0,1,0,0,0,0,0,0,0,1,0,0,0,0,0,0,0,0,1,1,0,1,0,0,"1"
0.141587301587302,0.0119642857142857,0.0263157894736842,0,0.08,0,1,0,1,0,1,0,0,0,0,0,0,0,0,0,0,0,0,1,0,0,0,0,0,0,0,0,0,0,1,0,1,1,1,0,0,1,"1"
0.321428571428571,0.181607142857143,0.0380701754385965,0,0.24,0,0,0,0,1,0,0,1,0,0,0,0,0,0,1,0,0,0,0,0,0,0,1,0,0,0,0,0,0,0,0,1,1,0,1,0,0,"1"
0.884920634920635,0.214285714285714,0,0,0,0,1,0,1,0,1,0,0,0,0,0,0,0,1,0,0,0,0,0,0,0,0,0,0,1,0,0,0,0,0,0,1,1,1,0,0,1,"1"
0.0925396825396825,0.02375,0.0350877192982456,0.0149253731343284,1,2e-05,1,0,0,1,0,0,1,0,1,0,0,0,0,0,0,0,0,0,0,0,0,0,0,0,0,0,0,0,1,0,1,0,1,1,0,0,"1"
0.0357142857142857,0.111607142857143,0.00298245614035088,0.0149253731343284,0,6e-05,0,0,1,0,1,0,0,0,0,0,0,0,0,0,0,0,0,0,0,1,0,0,0,0,0,0,0,0,1,0,1,0,1,1,0,0,"1"
0.0528571428571428,0.00892857142857143,0.0117543859649123,0.0597014925373134,0.08,8e-05,0,0,1,0,1,0,0,0,0,0,0,0,0,0,0,0,0,1,0,0,0,0,0,0,0,0,0,0,1,0,1,0,1,1,0,0,"1"
0.277777777777778,0.10125,0,0.0746268656716418,0.088,0.00146,0,0,1,0,1,0,0,0,0,0,0,0,1,0,0,0,0,0,0,0,0,0,0,1,0,0,0,0,0,0,1,0,1,1,0,0,"1"
0.181269841269841,0.107142857142857,0.043859649122807,0.0149253731343284,0,0.00022,0,0,1,0,1,0,0,0,1,0,0,0,0,0,0,0,0,0,0,0,0,0,0,0,0,0,0,0,1,0,1,0,1,1,0,0,"1"
0.141587301587302,0.0282142857142857,0.00298245614035088,0,0.072,0,1,0,1,0,1,0,0,0,0,0,0,0,0,1,0,0,0,0,0,0,0,0,0,0,0,0,0,0,1,0,1,1,1,1,0,0,"1"
0.425873015873016,0.0535714285714286,0,0,0.15,0,0,0,1,0,1,0,0,0,0,0,0,0,0,1,0,0,0,0,0,0,0,1,0,0,0,0,0,0,0,0,1,1,1,0,0,1,"1"
0.134920634920635,0.0164285714285714,0.0043859649122807,0,0.14,0.00055,0,0,1,0,1,0,0,0,0,0,0,0,0,0,0,1,0,0,0,0,0,0,0,0,0,0,0,0,1,0,1,1,0,1,0,0,"1"
0.134920634920635,0.0446428571428571,0.114035087719298,0,0.14,0,1,0,0,1,0,0,1,0,0,0,0,0,1,0,0,0,0,0,0,0,0,0,0,1,0,0,0,0,0,0,1,1,1,1,0,0,"1"
0.138888888888889,0.00446428571428571,0.0043859649122807,0,0.1,7e-04,0,0,0,1,0,0,1,0,0,0,0,0,0,0,0,1,0,0,0,0,0,0,0,0,0,0,0,0,1,0,1,1,1,1,0,0,"1"
0.156031746031746,0.0639285714285714,0.0189473684210526,0,0.068,1e-05,0,0,1,0,1,0,0,0,1,0,0,0,0,0,0,0,0,0,0,0,0,0,0,0,0,0,0,0,1,0,1,1,0,1,0,0,"1"
0.391587301587302,0.0251785714285714,0.0131578947368421,0.0298507462686567,0.1125,0.005,0,0,1,0,1,0,0,0,1,0,0,0,0,0,0,0,0,0,0,0,0,0,0,0,0,0,0,0,1,0,1,0,1,1,0,0,"1"
0.203650793650794,0.0907142857142857,0,0,0.09,6e-04,1,0,0,1,0,0,1,0,0,0,0,0,1,0,0,0,0,0,0,0,0,0,0,1,0,0,0,0,0,0,1,1,0,1,0,0,"1"
0.337301587301587,0.0892857142857143,0.0350877192982456,0,0.105,0,0,0,1,0,1,0,0,0,0,0,0,0,0,1,0,0,0,0,0,0,0,0,0,0,0,0,0,0,1,0,1,1,0,1,0,0,"1"
0.105873015873016,0.03875,0.0526315789473684,0,0.054,7e-05,0,0,1,0,1,0,0,0,0,0,0,0,0,0,0,0,0,1,0,0,0,0,0,0,0,0,0,0,1,0,1,1,1,1,0,0,"1"
0.248730158730159,0.0446428571428571,0.0614035087719298,0,0.1,0,0,0,1,0,1,0,0,0,0,0,0,0,0,0,0,0,0,0,0,1,0,0,0,0,0,0,0,0,1,0,1,1,1,1,0,0,"1"
0.197142857142857,0.0298214285714286,0.0408771929824561,0,0.05,0,0,0,1,0,1,0,0,0,0,1,0,0,0,0,0,0,0,0,0,0,0,0,0,0,0,0,0,0,1,0,1,1,1,1,0,0,"1"
0.316190476190476,0.0773214285714286,0.0526315789473684,0,0.06,0,0,0,1,0,1,0,0,0,1,0,0,0,0,0,0,0,0,0,0,0,0,0,0,0,0,0,0,0,1,0,1,1,1,0,1,0,"1"
0.171904761904762,0.0446428571428571,0.0087719298245614,0,0.055,0,0,0,1,0,1,0,0,0,1,0,0,0,0,0,0,0,0,0,0,0,0,0,0,0,0,0,0,0,1,0,1,1,1,1,0,0,"1"
0.220952380952381,0.0728571428571429,0.0087719298245614,0,0.09,5e-04,1,0,1,0,1,0,0,0,0,0,0,0,0,0,0,0,0,0,0,1,0,0,0,0,0,0,0,0,1,0,1,1,0,1,0,0,"1"
0.376984126984127,0.0298214285714286,0.00140350877192982,0,0.06,5e-05,0,0,1,0,1,0,0,0,0,0,0,1,0,0,0,0,0,0,0,0,0,0,0,0,0,0,0,0,1,0,1,1,1,1,0,0,"1"
0.562222222222222,0.0817857142857143,0.0101754385964912,0,0.1,3e-05,0,0,1,0,1,0,0,0,0,0,0,0,1,0,0,0,0,0,0,0,0,0,0,1,0,0,0,0,0,0,1,1,1,1,0,0,"1"
0.314761904761905,0.0119642857142857,0.00298245614035088,0,0.09,0,0,0,0,1,0,0,1,0,0,1,0,0,0,0,0,0,0,0,0,0,0,0,0,0,0,0,0,0,1,0,1,1,1,1,0,0,"1"
0.604444444444444,0.107142857142857,0.0526315789473684,0,0.09,4e-05,0,0,0,1,0,0,1,0,0,0,0,0,1,0,0,0,0,0,0,0,0,0,0,1,0,0,0,0,0,0,1,1,1,1,0,0,"1"
0.145555555555556,0.113035714285714,0.00578947368421053,0,0.08,0.01058,0,0,0,1,0,0,1,0,1,0,0,0,0,0,0,0,0,0,0,0,0,0,0,0,0,0,0,0,1,0,1,1,1,1,0,0,"1"
0.128253968253968,0.055,0.00298245614035088,0,0.178,0,0,0,1,0,1,0,0,0,0,0,0,0,0,0,0,1,0,0,0,0,0,0,0,0,0,0,0,0,1,0,1,1,0,1,0,0,"1"
0.182539682539683,0.0357142857142857,0.0175438596491228,0,0.1,0,0,0,1,0,1,0,0,1,0,0,0,0,0,0,0,0,0,0,0,0,0,0,0,0,0,0,0,0,1,0,1,1,1,1,0,0,"1"
0.711587301587302,0.0967857142857143,0.0847368421052632,0,0.16,0,0,0,1,0,1,0,0,0,1,0,0,0,0,0,0,0,0,0,0,0,0,0,0,0,0,0,0,0,1,0,1,1,0,1,0,0,"1"
0.0833333333333333,0,0,0.0597014925373134,0.0225,1e-05,0,0,0,1,0,0,1,0,0,0,0,0,1,0,0,0,0,0,0,0,0,0,0,1,0,0,0,0,0,0,1,0,1,1,0,0,"1"
0.0925396825396825,0.0208928571428571,0,0.0447761194029851,0.175,0.00769,0,0,1,0,1,0,0,0,0,0,0,0,1,0,0,0,0,0,0,0,0,0,0,1,0,0,0,0,0,0,1,0,1,1,0,0,"1"
0.628253968253968,0.00589285714285714,0,0,0.031,0.00027,1,0,1,0,1,0,0,0,0,0,0,0,1,0,0,0,0,0,0,0,0,0,0,1,0,0,0,0,0,0,1,1,0,0,0,1,"1"
0.213015873015873,0.0446428571428571,0,0.0149253731343284,0.046,0.003,1,0,1,0,1,0,0,0,0,0,0,0,1,0,0,0,0,0,0,0,0,0,0,1,0,0,0,0,0,0,1,0,1,1,0,0,"1"
0.193174603174603,0.03125,0.0131578947368421,0.0298507462686567,0.087,3e-05,0,0,1,0,1,0,0,0,0,0,0,0,0,0,0,1,0,0,0,0,0,0,0,0,0,0,0,0,1,0,1,0,0,1,0,0,"1"
0.148095238095238,0,0.0350877192982456,0.164179104477612,0,0,0,0,1,0,1,0,0,0,0,0,0,0,0,0,0,1,0,0,0,0,0,0,0,0,0,0,0,0,1,0,1,0,1,0,0,1,"1"
0.41,0.178571428571429,0,0.0298507462686567,0.0085,1e-05,0,0,1,0,1,0,0,0,0,0,0,0,1,0,0,0,0,0,0,0,0,0,0,1,0,0,0,0,0,0,1,0,1,1,0,0,"1"
0.267142857142857,0.0967857142857143,0.0043859649122807,0,0.04,0,0,0,0,1,0,0,1,0,0,0,0,0,0,0,0,0,1,0,0,0,0,0,0,0,0,0,0,0,1,0,1,1,0,0,0,1,"1"
0.0555555555555556,0.107142857142857,0.00140350877192982,0,0.08,4e-04,0,0,1,0,1,0,0,0,0,0,0,0,0,0,0,1,0,0,0,0,0,0,0,0,0,0,0,0,1,0,1,1,0,1,0,0,"1"
0.0622222222222222,0,0,0,0.043,0,1,0,0,1,0,0,1,0,0,0,0,0,0,0,1,0,0,0,0,0,0,0,0,1,0,0,0,0,0,0,1,1,1,1,0,0,"1"
0.0436507936507936,0.00446428571428571,0.00578947368421053,0,0.066,0,0,0,1,0,1,0,0,0,1,0,0,0,0,0,0,0,0,0,0,0,0,0,0,0,0,0,0,0,1,0,1,1,1,1,0,0,"1"
0.215555555555556,0.0594642857142857,0,0,0.17,1e-05,1,0,1,0,1,0,0,0,0,0,0,0,1,0,0,0,0,0,0,0,0,0,0,1,0,0,0,0,0,0,1,1,1,1,0,0,"1"
0.277777777777778,0.0401785714285714,0,0.0149253731343284,0.048,0.00019,0,0,1,0,1,0,0,0,0,0,0,0,1,0,0,0,0,0,0,0,0,0,0,1,0,0,0,0,0,0,1,0,1,1,0,0,"1"
0.0992063492063492,0.25,0.0175438596491228,0,0,0,0,0,1,0,1,0,0,0,1,0,0,0,0,0,0,0,0,0,0,0,0,0,0,0,0,0,0,0,1,0,1,1,1,1,0,0,"1"
0.408730158730159,0.0580357142857143,0.0526315789473684,0,0,0.00316,0,0,1,0,1,0,0,0,1,0,0,0,0,0,0,0,0,0,0,0,0,0,0,0,0,0,0,0,1,0,1,1,1,1,0,0,"1"
0.361111111111111,0.151785714285714,0.12280701754386,0,0.227,5e-04,0,0,1,0,1,0,0,0,0,0,0,0,0,0,0,0,0,1,0,0,0,0,0,0,0,0,0,0,1,0,1,1,1,1,0,0,"1"
0.613809523809524,0.0535714285714286,0.131578947368421,0,0,0.0035,0,0,1,0,1,0,0,0,0,0,1,0,0,0,0,0,0,0,0,0,0,0,0,0,0,0,0,0,1,0,1,1,0,1,0,0,"1"
0.355873015873016,0.647321428571429,0.00298245614035088,0,0.16,0.03552,0,0,1,0,1,0,0,0,0,0,0,0,0,0,0,0,0,0,0,1,0,0,0,0,0,0,0,0,1,0,1,1,1,1,0,0,"1"
0.252698412698413,0.0267857142857143,0.00140350877192982,0,0.12,0,0,0,0,1,0,0,1,0,1,0,0,0,0,0,0,0,0,0,0,0,0,0,0,0,0,0,0,0,1,0,1,1,1,1,0,0,"1"
0.355873015873016,0.196428571428571,0.175438596491228,0,0.105,0.00687,0,0,1,0,1,0,0,0,0,0,0,0,0,1,0,0,0,0,0,0,0,1,0,0,0,0,0,0,0,0,1,1,1,1,0,0,"1"
0.189206349206349,0.0103571428571429,0.0526315789473684,0,0.08,0,0,0,0,1,0,0,1,0,1,0,0,0,0,0,0,0,0,0,0,0,0,0,0,0,0,0,0,0,1,0,1,1,0,1,0,0,"1"
0.170634920634921,0.08625,0,0,0.06,0,1,0,0,1,0,0,1,0,1,0,0,0,0,0,0,0,0,0,0,0,0,0,0,0,0,0,0,0,1,0,1,1,1,1,0,0,"1"
0.163968253968254,0.03125,0.00298245614035088,0.0597014925373134,0.127,0.0195,0,0,1,0,1,0,0,0,0,0,0,0,0,0,0,0,1,0,0,0,0,0,0,0,0,0,0,0,1,0,1,0,1,1,0,0,"1"
0.12968253968254,0.0178571428571429,0.0043859649122807,0,0.18,0,0,0,1,0,1,0,0,0,1,0,0,0,0,0,0,0,0,0,0,0,0,0,0,0,0,0,0,0,1,0,1,1,1,1,0,0,"1"
0.362380952380952,0.0103571428571429,0,0.149253731343284,0.1,0.00018,1,0,1,0,1,0,0,0,0,0,0,0,1,0,0,0,0,0,0,0,0,0,0,1,0,0,0,0,0,0,1,0,1,1,0,0,"1"
0.146825396825397,0.0655357142857143,0,0.0149253731343284,0.1,0.00053,1,0,1,0,1,0,0,0,0,0,0,0,0,0,1,0,0,0,0,0,0,0,0,0,0,1,0,0,0,0,1,0,1,1,0,0,"1"
0.21952380952381,0.107142857142857,0.0978947368421053,0.0149253731343284,0.14,1e-04,1,0,1,0,1,0,0,0,0,0,0,0,0,0,0,0,1,0,0,0,0,0,0,0,0,0,0,0,1,0,1,0,0,1,0,0,"1"
0.275079365079365,0.110178571428571,0.087719298245614,0.0298507462686567,0.08,0.00041,0,0,1,0,1,0,0,0,1,0,0,0,0,0,0,0,0,0,0,0,0,0,0,0,0,0,0,0,1,0,1,0,0,1,0,0,"1"
0.264603174603175,0.0491071428571429,0.00140350877192982,0.0447761194029851,0,0.00033,1,0,1,0,1,0,0,0,0,0,0,0,0,0,0,0,0,0,0,1,0,0,0,0,1,0,0,0,0,0,1,0,1,1,0,0,"1"
0.132222222222222,0.0833928571428571,0.0263157894736842,0,0.09,0,0,0,1,0,1,0,0,0,0,0,0,0,0,0,0,1,0,0,0,0,0,0,0,0,0,0,0,0,1,0,1,1,1,1,0,0,"1"
0.0409523809523809,0.145892857142857,0.0145614035087719,0,0.06,0,0,0,1,0,1,0,0,0,0,0,0,0,0,1,0,0,0,0,0,0,0,0,0,0,1,0,0,0,0,0,1,1,0,1,0,0,"1"
0.12968253968254,0.416607142857143,0.00298245614035088,0,0.16,5e-05,1,0,1,0,1,0,0,0,0,0,0,0,0,0,0,1,0,0,0,0,0,0,0,0,1,0,0,0,0,0,1,1,1,1,0,0,"1"
0.116349206349206,0.147321428571429,0.00140350877192982,0,0.07,0.001,0,0,0,1,0,0,1,0,0,0,0,0,0,1,0,0,0,0,0,0,0,0,0,0,1,0,0,0,0,0,1,1,1,1,0,0,"1"
0.0582539682539683,0.232142857142857,0.0043859649122807,0,0.03,0.001,0,0,1,0,1,0,0,0,0,0,0,0,0,1,0,0,0,0,0,0,0,0,0,0,0,0,0,0,1,0,1,1,1,1,0,0,"1"
0.0860317460317461,0.142857142857143,0.0350877192982456,0,0.18,0.01,0,0,0,1,0,0,1,0,0,0,0,0,0,1,0,0,0,0,0,0,0,0,0,0,0,0,0,0,1,0,1,1,0,1,0,0,"1"
0.10984126984127,0.0148214285714286,0.0043859649122807,0,0,0.00044,0,0,1,0,1,0,0,0,1,0,0,0,0,0,0,0,0,0,0,0,0,0,0,0,0,0,0,0,1,0,1,1,1,1,0,0,"1"
0.206349206349206,0.0714285714285714,0.0263157894736842,0,0.04,0,0,0,1,0,1,0,0,0,0,0,1,0,0,0,0,0,0,0,0,0,0,0,0,0,0,0,0,0,1,0,1,1,0,1,0,0,"1"
0.156031746031746,0.0298214285714286,0.00298245614035088,0,0.11,5e-05,0,0,1,0,1,0,0,0,0,0,0,0,0,1,0,0,0,0,0,0,0,0,0,0,1,0,0,0,0,0,1,1,0,1,0,0,"1"
0.403492063492064,0.0892857142857143,0.350877192982456,0,0.1,0,0,0,0,1,0,0,1,0,0,0,0,0,0,1,0,0,0,0,0,0,0,0,0,0,1,0,0,0,0,0,1,1,0,0,0,1,"1"
0.142857142857143,0.410714285714286,0.0145614035087719,0,0,0,0,0,1,0,1,0,0,0,0,0,0,0,0,1,0,0,0,0,0,0,0,0,0,0,0,0,0,0,1,0,1,1,1,1,0,0,"1"
0.0503174603174603,0.0178571428571429,0.00578947368421053,0.0895522388059701,0.12,0.00035,1,0,1,0,1,0,0,0,0,0,0,0,0,1,0,0,0,0,0,0,0,0,0,0,0,0,0,0,1,0,1,0,0,1,0,0,"1"
0.154761904761905,0.113035714285714,0.0145614035087719,0.0149253731343284,0.14,8e-04,0,0,0,1,0,0,1,0,0,0,0,0,0,0,0,1,0,0,0,0,0,0,0,0,0,0,0,0,1,0,1,0,0,1,0,0,"1"
0.0568253968253968,0.339285714285714,0.0614035087719298,0.149253731343284,0,1e-04,1,0,1,0,1,0,0,1,0,0,0,0,0,0,0,0,0,0,0,0,0,0,0,0,0,0,0,0,1,0,1,0,0,1,0,0,"1"
0.158730158730159,0.0148214285714286,0.00140350877192982,0.0298507462686567,0.064,6e-05,0,0,0,1,0,0,1,0,1,0,0,0,0,0,0,0,0,0,0,0,0,0,0,0,0,0,0,0,1,0,1,0,1,1,0,0,"1"
0.332063492063492,0.0385714285714286,0.0408771929824561,0,0.014,0,0,0,1,0,1,0,0,0,0,0,0,0,0,0,0,0,1,0,0,0,0,0,0,0,0,0,0,0,1,0,1,1,1,0,0,1,"1"
0.969523809523809,0.678571428571429,0.00140350877192982,0.0298507462686567,0,0.00351,0,0,0,1,0,0,1,0,0,0,0,0,1,0,0,0,0,0,0,0,0,0,0,1,0,0,0,0,0,0,1,0,1,1,0,0,"1"
0.228888888888889,0.00446428571428571,0.00298245614035088,0,0.108,0.021,0,0,0,1,0,0,1,0,0,0,0,0,0,0,0,1,0,0,0,0,0,0,0,0,0,0,0,0,1,0,1,1,1,1,0,0,"1"
0.170634920634921,0.47625,0.00140350877192982,0,0.06,0.00475,0,0,0,1,0,0,1,1,0,0,0,0,0,0,0,0,0,0,0,0,0,0,0,0,0,0,0,0,1,0,1,1,0,1,0,0,"1"
0.0806349206349206,0.126428571428571,0,0,0.09,1e-05,0,0,0,1,0,0,1,0,0,0,0,0,1,0,0,0,0,0,0,0,0,0,0,1,0,0,0,0,0,0,1,1,0,1,0,0,"1"
0.531746031746032,0.0267857142857143,0.0964912280701754,0.0149253731343284,0.1665,0.00892,1,0,1,0,1,0,0,0,0,0,0,0,0,0,0,0,0,1,0,0,0,0,0,0,1,0,0,0,0,0,0,0,1,1,0,0,"2"
0.165396825396825,0.03125,0.162280701754386,0.0298507462686567,0.26,0.02,0,0,1,0,1,0,0,0,0,0,0,0,0,0,0,0,0,1,0,0,0,0,0,0,0,0,0,0,1,0,0,0,0,1,0,0,"2"
0.404761904761905,0.339285714285714,0.228070175438596,0.208955223880597,0.12,0.04607,0,0,1,0,1,0,0,0,0,0,0,0,0,0,0,0,1,0,0,0,0,0,0,0,0,0,0,0,1,0,0,0,1,1,0,0,"2"
0.107142857142857,0.422678571428571,0.210526315789474,0,0.17,0,1,0,1,0,1,0,0,0,1,0,0,0,0,0,0,0,0,0,0,0,0,0,0,0,1,0,0,0,0,0,0,1,1,1,0,0,"2"
0.0806349206349206,0.157678571428571,0.105263157894737,0,0.12,0,1,0,0,1,0,0,1,0,1,0,0,0,0,0,0,0,0,0,0,0,0,0,0,0,1,0,0,0,0,0,0,1,1,1,0,0,"2"
0.0860317460317461,0.339285714285714,0.0526315789473684,0,0.06,0.02206,0,0,1,0,1,0,0,0,0,0,0,0,0,0,0,0,0,0,0,1,0,0,0,0,0,0,0,0,1,0,0,1,1,1,0,0,"2"
0.178571428571429,0.03125,0.0364912280701754,0,0.08,0.0586,1,0,1,0,1,0,0,0,0,0,0,0,0,0,0,0,0,0,0,0,1,0,0,0,1,0,0,0,0,0,0,1,0,1,0,0,"2"
0.101904761904762,0.330357142857143,0.0584210526315789,0.0447761194029851,0.02,0.00028,0,0,1,0,1,0,0,0,1,0,0,0,0,0,0,0,0,0,0,0,0,0,0,0,0,0,0,0,1,0,0,0,0,1,0,0,"2"
0.19047619047619,0.0178571428571429,0.0512280701754386,0.0746268656716418,0.156,0,0,0,1,0,1,0,0,0,1,0,0,0,0,0,0,0,0,0,0,0,0,0,0,0,0,0,0,0,1,0,0,0,0,1,0,0,"2"
0.105873015873016,0.25,0.0570175438596491,0.0447761194029851,0.1,0.01391,0,0,1,0,1,0,0,0,1,0,0,0,0,0,0,0,0,0,0,0,0,0,0,0,0,0,0,0,1,0,0,0,1,1,0,0,"2"
0.400793650793651,0.178571428571429,0.12280701754386,0.149253731343284,0,0,0,0,1,0,1,0,0,0,0,1,0,0,0,0,0,0,0,0,0,0,0,0,0,0,0,0,0,0,1,0,0,0,0,1,0,0,"2"
0.798888888888889,0.00589285714285714,0,0.0149253731343284,0.116,0.001,1,0,1,0,1,0,0,0,0,0,0,0,1,0,0,0,0,0,0,0,0,0,0,1,0,0,0,0,0,0,0,0,1,1,0,0,"2"
0.23015873015873,0.183035714285714,0.166666666666667,0.0298507462686567,0.21,7e-05,0,0,1,0,1,0,0,0,0,0,0,0,0,0,0,0,0,0,0,0,1,0,0,0,0,0,0,0,1,0,0,0,1,1,0,0,"2"
0.238095238095238,0.133928571428571,0.0380701754385965,0.0149253731343284,0.1855,0,1,0,1,0,1,0,0,0,1,0,0,0,0,0,0,0,0,0,0,0,0,0,0,0,0,0,0,0,1,0,0,0,0,1,0,0,"2"
0.279047619047619,0.696428571428571,0.245614035087719,0.238805970149254,0,0.05,0,0,1,0,1,0,0,0,1,0,0,0,0,0,0,0,0,0,0,0,0,0,0,0,0,0,0,0,1,0,0,0,1,1,0,0,"2"
0.0820634920634921,0.321428571428571,0.0263157894736842,0.0298507462686567,0.044,0.00591,1,0,1,0,1,0,0,1,0,0,0,0,0,0,0,0,0,0,0,0,0,0,0,0,0,0,0,0,1,0,0,0,1,1,0,0,"2"
0.174603174603175,0.107142857142857,0.0643859649122807,0.283582089552239,0,0.005,1,0,1,0,1,0,0,0,0,0,0,0,0,0,0,0,0,1,0,0,0,0,0,0,1,0,0,0,0,0,0,0,1,1,0,0,"2"
0.268571428571429,0.428571428571429,0.0701754385964912,0.0149253731343284,0.11,0.00019,1,0,1,0,1,0,0,0,1,0,0,0,0,0,0,0,0,0,0,0,0,0,0,0,0,0,0,0,1,0,0,0,1,1,0,0,"2"
0.115079365079365,0.171071428571429,0.0789473684210526,0.0149253731343284,0.04,0.003,0,0,0,1,0,0,1,0,0,0,0,0,0,0,0,0,0,0,0,1,0,0,0,0,0,0,0,0,1,0,0,0,0,1,0,0,"2"
0,0.142857142857143,0.0614035087719298,0.0298507462686567,0.06,0.01,0,0,0,1,0,0,1,0,0,0,0,0,0,0,0,0,0,0,0,1,0,0,0,0,0,0,0,0,1,0,0,0,0,1,0,0,"2"
0.511904761904762,0.142857142857143,0,0,0.05,0.0096,1,0,1,0,1,0,0,0,0,0,0,0,0,0,1,0,0,0,0,0,0,0,0,0,0,1,0,0,0,0,0,1,1,1,0,0,"2"
0.485396825396825,0,0.087719298245614,0,0,0,1,0,1,0,1,0,0,0,1,0,0,0,0,0,0,0,0,0,0,0,0,0,0,0,0,0,0,0,1,0,0,1,1,1,0,0,"2"
0.103174603174603,0.355714285714286,0,0,0,0,0,0,1,0,1,0,0,0,0,0,0,1,0,0,0,0,0,0,0,0,0,0,1,0,0,0,0,0,0,0,0,1,1,1,0,0,"2"
0.141587301587302,0.0907142857142857,0.0907017543859649,0,0,0,0,0,0,1,0,0,1,0,1,0,0,0,0,0,0,0,0,0,0,0,0,0,0,0,1,0,0,0,0,0,0,1,1,1,0,0,"2"
0.748730158730159,0.178571428571429,0.140350877192982,0.0597014925373134,0,0.00099,1,0,1,0,1,0,0,1,0,0,0,0,0,0,0,0,0,0,0,0,0,0,0,0,0,0,0,0,1,0,0,0,1,1,0,0,"2"
0.036984126984127,0.0267857142857143,0.0614035087719298,0.0746268656716418,0.176,0.0069,0,0,1,0,1,0,0,0,1,0,0,0,0,0,0,0,0,0,0,0,0,0,0,0,0,0,0,0,1,0,0,0,0,1,0,0,"2"
0.228888888888889,0.0133928571428571,0.0205263157894737,0.0597014925373134,0.04,0,1,0,1,0,1,0,0,0,0,0,0,0,0,0,0,0,0,1,0,0,0,0,0,0,0,0,0,0,1,0,0,0,1,1,0,0,"2"
0.403492063492064,0.0610714285714286,0.0043859649122807,0.0746268656716418,0.24,0,0,0,1,0,1,0,0,0,0,0,0,0,0,0,0,0,0,0,0,0,1,0,0,0,0,0,0,0,1,0,0,0,0,1,0,0,"2"
0.257936507936508,0.188928571428571,0.0789473684210526,0.0746268656716418,0.0495,0.005,1,0,1,0,1,0,0,0,0,0,0,1,0,0,0,0,0,0,0,0,0,0,1,0,0,0,0,0,0,0,0,0,0,1,0,0,"2"
0.144126984126984,0.107142857142857,0.0452631578947368,0.0149253731343284,0.13,0.008,0,0,1,0,1,0,0,0,0,0,0,0,0,0,0,0,1,0,0,0,0,0,0,0,0,0,0,0,1,0,0,0,1,1,0,0,"2"
0.138888888888889,0.303571428571429,0.0614035087719298,0.149253731343284,0.04,0.0099,1,0,1,0,1,0,0,0,0,0,0,0,0,0,0,0,0,1,0,0,0,0,0,0,0,0,0,0,1,0,0,0,1,1,0,0,"1"
0.235396825396825,0.0594642857142857,0.0847368421052632,0,0.22,0,1,0,1,0,1,0,0,0,0,0,0,0,0,0,0,0,0,1,0,0,0,0,0,0,0,0,0,0,1,0,0,1,0,1,0,0,"1"
0.498730158730159,0.0535714285714286,0.087719298245614,0,0.07,0,0,0,1,0,1,0,0,0,1,0,0,0,0,0,0,0,0,0,0,0,0,0,0,0,0,0,0,0,1,0,0,1,0,1,0,0,"1"
0.441746031746032,0.0625,0.00736842105263158,0,0.08,0,0,0,1,0,1,0,0,0,0,0,0,0,0,0,0,1,0,0,0,0,0,0,0,0,0,0,0,0,1,0,0,1,1,1,0,0,"1"
0.687777777777778,0.0119642857142857,0.0350877192982456,0,0.126,0.02197,1,0,1,0,1,0,0,0,0,0,0,0,0,1,0,0,0,0,0,0,0,1,0,0,0,0,0,0,0,0,0,1,0,1,0,0,"1"
0.666666666666667,0.252857142857143,0.236842105263158,0.0447761194029851,0.05,5e-04,1,0,1,0,1,0,0,0,0,0,0,0,0,0,0,1,0,0,0,0,0,0,0,0,1,0,0,0,0,0,0,0,0,1,0,0,"1"
0.468253968253968,0.900357142857143,0.00736842105263158,0.0149253731343284,0.38,9e-04,0,0,1,0,1,0,0,0,0,0,0,0,0,0,0,0,0,1,0,0,0,0,0,0,1,0,0,0,0,0,0,0,1,1,0,0,"1"
0.183809523809524,0.0744642857142857,0.0964912280701754,0,0.18,1e-05,1,0,1,0,1,0,0,0,1,0,0,0,0,0,0,0,0,0,0,0,0,0,0,0,1,0,0,0,0,0,0,1,0,1,0,0,"1"
0.171904761904762,0.0239285714285714,0.0614035087719298,0,0.2,0,1,0,1,0,1,0,0,1,0,0,0,0,0,0,0,0,0,0,0,0,0,0,0,0,1,0,0,0,0,0,0,1,1,1,0,0,"1"
0.466984126984127,0.0803571428571429,0.0263157894736842,0,0.28,0,0,0,1,0,1,0,0,0,0,0,0,0,0,1,0,0,0,0,0,0,0,1,0,0,0,0,0,0,0,0,0,1,1,1,0,0,"1"
0.431269841269841,0.0298214285714286,0,0,0.065,1e-05,0,0,1,0,1,0,0,0,0,0,0,0,1,0,0,0,0,0,0,0,0,0,0,1,0,0,0,0,0,0,0,1,1,1,0,0,"1"
0.286984126984127,0.0892857142857143,0.263157894736842,0,0.2615,0,0,0,1,0,1,0,0,1,0,0,0,0,0,0,0,0,0,0,0,0,0,0,0,0,0,0,0,0,1,0,0,1,0,1,0,0,"1"
0.32015873015873,0.0566071428571429,0,0,0.16,0,1,0,0,1,0,0,1,0,0,0,0,0,1,0,0,0,0,0,0,0,0,0,0,1,0,0,0,0,0,0,0,1,1,1,0,0,"1"
0.177301587301587,0.0446428571428571,0,0,0.04,0,1,0,1,0,1,0,0,0,0,0,0,0,1,0,0,0,0,0,0,0,0,0,0,1,0,0,0,0,0,0,0,1,1,1,0,0,"1"
0.341269841269841,0.113035714285714,0.131578947368421,0,0.34,0,0,0,1,0,1,0,0,0,0,0,0,0,0,0,0,0,0,0,0,0,1,0,0,0,1,0,0,0,0,0,0,1,0,1,0,0,"1"
0.325396825396825,0.0625,0.0087719298245614,0,0.0815,0,0,0,1,0,1,0,0,0,0,0,0,0,0,0,0,0,0,0,0,1,0,1,0,0,0,0,0,0,0,0,0,1,0,1,0,0,"1"
0.09,0.0535714285714286,0.0701754385964912,0,0.05,2e-04,0,0,0,1,0,0,1,0,0,1,0,0,0,0,0,0,0,0,0,0,0,0,0,0,0,0,0,0,1,0,0,1,0,1,0,0,"1"
0.46031746031746,0.107142857142857,0.0350877192982456,0,0,0.002,0,0,1,0,1,0,0,0,0,0,0,0,0,1,0,0,0,0,0,0,0,1,0,0,0,0,0,0,0,0,0,1,1,1,0,0,"1"
0.093968253968254,0.357142857142857,0.0292982456140351,0,0.07,0,0,0,0,1,0,0,1,0,0,0,0,0,0,0,0,1,0,0,0,0,0,0,0,0,1,0,0,0,0,0,0,1,0,1,0,0,"1"
0.358412698412698,0.135357142857143,0.0408771929824561,0,0.1,0,0,0,1,0,1,0,0,0,0,0,0,0,0,0,0,0,0,0,0,1,0,0,0,0,0,0,0,0,1,0,0,1,0,1,0,0,"1"
0.259206349206349,0.0371428571428571,0.0175438596491228,0.149253731343284,0.066,0.00028,0,0,0,1,0,0,1,0,0,0,0,0,0,1,0,0,0,0,0,0,0,1,0,0,0,0,0,0,0,0,0,0,0,1,0,0,"1"
0.484126984126984,0.392857142857143,0.0526315789473684,0,0,0,0,0,0,1,0,0,1,0,0,0,1,0,0,0,0,0,0,0,0,0,0,0,0,0,0,0,0,0,1,0,0,1,1,0,0,1,"1"
0.156031746031746,0.0164285714285714,0.0921052631578947,0.0895522388059701,0.104,0.00347,0,0,0,1,0,0,1,0,0,0,0,0,0,0,0,0,0,0,0,1,0,0,0,0,0,0,0,0,1,0,0,0,0,1,0,0,"1"
0.161428571428571,0.0535714285714286,0.0657894736842105,0.0895522388059701,0.1,0.00327,0,0,1,0,1,0,0,0,0,0,1,0,0,0,0,0,0,0,0,0,0,0,0,0,1,0,0,0,0,0,0,0,1,1,0,0,"2"
0.308253968253968,0.0357142857142857,0.0263157894736842,0.104477611940299,0.17,0.04071,0,0,1,0,1,0,0,0,0,0,0,0,0,0,0,0,0,0,0,0,1,0,0,0,0,0,0,0,1,0,0,0,0,1,0,0,"2"
0.548888888888889,0.428571428571429,0.56140350877193,0,0.055,0,0,0,1,0,1,0,0,0,0,0,0,0,0,0,0,0,1,0,0,0,0,0,0,0,0,0,0,0,1,0,0,1,1,0,0,1,"2"
1,0.796071428571429,0.447368421052632,0.0149253731343284,0,0.00109,0,0,1,0,1,0,0,0,0,0,0,1,0,0,0,0,0,0,0,0,0,0,0,0,0,0,0,0,0,1,0,0,0,1,0,0,"2"
0.596507936507936,0.357142857142857,0,0.164179104477612,0,0.01249,0,0,1,0,1,0,0,0,0,0,0,0,0,1,0,0,0,0,0,0,0,1,0,0,0,0,0,0,0,0,0,0,1,1,0,0,"2"
0.333333333333333,0.535714285714286,0.18859649122807,0.134328358208955,0,0.00134,0,0,1,0,1,0,0,0,0,0,0,0,0,0,0,0,0,0,1,0,0,0,0,0,0,0,1,0,0,0,0,0,0,1,0,0,"2"
0.394126984126984,0.119107142857143,0.140350877192982,0.208955223880597,0.1915,0.01344,0,0,1,0,1,0,0,0,0,0,0,0,0,0,0,0,0,0,0,1,0,0,0,0,0,0,0,0,1,0,0,0,1,1,0,0,"2"
0.137619047619048,0.401785714285714,0.0263157894736842,0.0597014925373134,0,0.00321,1,0,0,1,0,0,1,0,0,0,0,0,0,0,0,0,0,0,0,0,1,0,0,0,1,0,0,0,0,0,0,0,1,1,0,0,"2"
0.447142857142857,0.015,0.00736842105263158,0.0895522388059701,0.11,0.00948,0,0,1,0,1,0,0,0,1,0,0,0,0,0,0,0,0,0,0,0,0,0,0,0,1,0,0,0,0,0,0,0,1,1,0,0,"2"
0.251269841269841,0.160714285714286,0.263157894736842,0.0298507462686567,0.165,0,0,0,1,0,1,0,0,0,0,0,0,0,0,0,0,0,0,0,0,1,0,0,0,0,0,0,0,0,1,0,0,0,0,1,0,0,"2"
0.292380952380952,0.0521428571428571,0.0380701754385965,0.238805970149254,0.06,0.02079,1,0,1,0,1,0,0,0,0,0,0,0,0,0,0,0,0,0,0,1,0,0,0,0,0,0,0,0,1,0,0,0,1,1,0,0,"2"
0.597936507936508,0.00142857142857143,0.00140350877192982,0,0,0.03,0,0,1,0,1,0,0,0,0,0,0,0,0,0,0,0,0,0,0,0,1,0,0,0,1,0,0,0,0,0,0,1,1,1,0,0,"2"
0.144126984126984,0.0817857142857143,0.0803508771929825,0.104477611940299,0.07,0.02384,1,0,1,0,1,0,0,0,0,0,0,0,0,0,0,0,0,1,0,0,0,0,0,0,1,0,0,0,0,0,0,0,0,1,0,0,"2"
0.178571428571429,0.440357142857143,0.12280701754386,0.0895522388059701,0.2,0.00458,1,0,1,0,1,0,0,0,0,1,0,0,0,0,0,0,0,0,0,0,0,0,0,0,1,0,0,0,0,0,0,0,1,1,0,0,"2"
0.206349206349206,0.0401785714285714,0.043859649122807,0,0,0.05298,0,0,1,0,1,0,0,0,0,0,0,0,0,0,0,0,0,0,0,0,1,0,0,0,1,0,0,0,0,0,0,1,1,1,0,0,"2"
0.152063492063492,0.0535714285714286,0.0496491228070175,0,0.211,0.002,0,0,1,0,1,0,0,0,1,0,0,0,0,0,0,0,0,0,0,0,0,0,0,0,1,0,0,0,0,0,0,1,1,1,0,0,"2"
0.169365079365079,0.440535714285714,0.0556140350877193,0,0.06,0,0,0,1,0,1,0,0,0,0,0,0,0,0,0,0,0,0,1,0,0,0,0,0,0,1,0,0,0,0,0,0,1,0,1,0,0,"2"
0.451111111111111,0.18,0.447368421052632,0,0.046,0,0,0,1,0,1,0,0,0,0,0,0,0,0,0,0,0,0,1,0,0,0,0,0,0,1,0,0,0,0,0,0,1,0,1,0,0,"2"
0.112380952380952,0.107142857142857,0.00140350877192982,0,0.05,0,1,0,1,0,1,0,0,1,0,0,0,0,0,0,0,0,0,0,0,0,0,0,0,0,0,0,0,0,1,0,0,1,1,1,0,0,"2"
0.148095238095238,0.410714285714286,0.0745614035087719,0.164179104477612,0.145,0.00284,0,0,1,0,1,0,0,0,0,0,0,0,0,0,0,0,0,0,0,1,0,0,0,0,1,0,0,0,0,0,0,0,0,1,0,0,"2"
0.181269841269841,0.102678571428571,0.0307017543859649,0,0.18,0,1,0,1,0,1,0,0,0,0,0,0,0,0,0,0,0,0,0,0,0,1,0,0,0,1,0,0,0,0,0,0,1,1,1,0,0,"2"
0.465555555555556,0.0133928571428571,0.0131578947368421,0.119402985074627,0.15,0.00162,0,0,0,1,0,0,1,0,1,0,0,0,0,0,0,0,0,0,0,0,0,0,0,0,0,0,0,0,1,0,0,0,0,1,0,0,"2"
0.349206349206349,0.0326785714285714,0.0263157894736842,0.0597014925373134,0,0.01583,1,0,1,0,1,0,0,1,0,0,0,0,0,0,0,0,0,0,0,0,0,0,0,0,0,0,0,0,1,0,0,0,1,1,0,0,"2"
0.726190476190476,0.0982142857142857,0.0614035087719298,0.0746268656716418,0.03,0.00058,0,0,1,0,1,0,0,0,0,0,0,0,0,0,0,0,0,0,0,1,0,0,0,0,0,0,0,0,1,0,0,0,0,1,0,0,"2"
0.115079365079365,0.107142857142857,0.0380701754385965,0.119402985074627,0.08,1e-05,0,0,0,1,0,0,1,0,0,0,1,0,0,0,0,0,0,0,0,0,0,0,0,0,0,0,0,0,1,0,0,0,0,1,0,0,"2"
0.12968253968254,0.0192857142857143,0.00140350877192982,0.0149253731343284,0.42,0.00059,0,0,0,1,0,0,1,0,0,0,0,0,0,0,0,0,0,0,0,0,1,0,0,0,0,0,0,0,1,0,0,0,0,1,0,0,"2"
0.816190476190476,0.5,0,0.164179104477612,0,0.014,1,0,1,0,1,0,0,0,0,0,0,0,1,0,0,0,0,0,0,0,0,0,0,1,0,0,0,0,0,0,0,0,0,1,0,0,"2"
0.104444444444444,0.357142857142857,0.0350877192982456,0.0597014925373134,0.025,0.01465,1,0,1,0,1,0,0,0,1,0,0,0,0,0,0,0,0,0,0,0,0,0,0,0,1,0,0,0,0,0,0,0,1,1,0,0,"2"
0.293650793650794,0.00589285714285714,0.114035087719298,0.0149253731343284,0.216,0.08,0,0,0,1,0,0,1,0,1,0,0,0,0,0,0,0,0,0,0,0,0,0,0,0,1,0,0,0,0,0,0,0,0,1,0,0,"2"
0.260634920634921,0.0178571428571429,0.0614035087719298,0.164179104477612,0.016,0.0054,0,0,1,0,1,0,0,0,1,0,0,0,0,0,0,0,0,0,0,0,0,0,0,0,0,0,0,0,1,0,0,0,1,1,0,0,"2"
0.181269841269841,0.214285714285714,0.0350877192982456,0.0447761194029851,0,0,0,0,1,0,1,0,0,0,1,0,0,0,0,0,0,0,0,0,0,0,0,0,0,0,0,0,0,0,1,0,0,0,1,1,0,0,"2"
0.403492063492064,0.0580357142857143,0.0526315789473684,0.149253731343284,0.093,0.047,0,0,1,0,1,0,0,0,1,0,0,0,0,0,0,0,0,0,0,0,0,0,0,0,0,0,0,0,1,0,0,0,1,1,0,0,"2"
0.402063492063492,0.214285714285714,0.0452631578947368,0.0746268656716418,0.054,0.01097,0,0,1,0,1,0,0,0,0,0,0,0,0,0,0,0,1,0,0,0,0,0,0,0,0,0,0,0,1,0,0,0,0,1,0,0,"2"
0.284444444444444,0.0296428571428571,0.0468421052631579,0.119402985074627,0.1515,0.0329,0,0,1,0,1,0,0,0,0,0,0,0,0,0,0,0,0,0,0,0,1,0,0,0,0,0,0,0,1,0,0,0,0,1,0,0,"2"
0.432539682539683,0.00142857142857143,0.00140350877192982,0.0149253731343284,0.28,0,0,0,1,0,1,0,0,0,0,0,0,1,0,0,0,0,0,0,0,0,0,0,0,0,0,0,0,0,1,0,1,0,1,0,0,1,"2"
0.551587301587302,0.151785714285714,0.0043859649122807,0,0.1125,0,0,0,1,0,1,0,0,0,0,0,0,0,0,0,0,0,1,0,0,0,0,0,0,0,0,0,0,0,1,0,0,1,0,1,0,0,"2"
0.30031746031746,0.321428571428571,0.184210526315789,0,0.077,0,0,0,0,1,0,0,1,0,0,0,0,0,0,0,0,0,0,0,0,1,0,0,0,0,1,0,0,0,0,0,0,1,0,1,0,0,"2"
0.227460317460317,0.535714285714286,0,0,0,0.13212,1,0,0,1,0,0,1,0,0,0,0,1,0,0,0,0,0,0,0,0,0,0,0,0,0,0,0,0,0,1,0,1,1,1,0,0,"2"
0.947142857142857,0.633928571428571,0,0,0,0,0,0,1,0,1,0,0,0,0,0,0,0,1,0,0,0,0,0,0,0,0,0,0,1,0,0,0,0,0,0,0,1,0,1,0,0,"2"
0.798888888888889,0.714285714285714,0.614035087719298,0.134328358208955,0,0.01,0,0,1,0,1,0,0,0,0,0,0,0,0,0,0,0,0,0,0,0,1,0,0,0,1,0,0,0,0,0,0,0,0,1,0,0,"2"
0.60047619047619,0.535714285714286,0.298245614035088,0.134328358208955,0,0,0,0,1,0,1,0,0,0,1,0,0,0,0,0,0,0,0,0,0,0,0,0,0,0,0,0,0,0,1,0,0,0,1,1,0,0,"2"
0.205079365079365,0.0625,0.0350877192982456,0.0746268656716418,0.08,0.05777,0,0,0,1,0,0,1,0,1,0,0,0,0,0,0,0,0,0,0,0,0,0,0,0,0,0,0,0,1,0,0,0,0,1,0,0,"2"
0.183809523809524,0.0207142857142857,0.0101754385964912,0.104477611940299,0.048,0.05124,0,0,1,0,1,0,0,0,1,0,0,0,0,0,0,0,0,0,0,0,0,0,0,0,0,0,0,0,1,0,0,0,0,1,0,0,"2"
0.260634920634921,0.232142857142857,0.109649122807018,0.119402985074627,0.165,0.012,0,0,1,0,1,0,0,0,0,1,0,0,0,0,0,0,0,0,0,0,0,0,0,0,0,0,0,0,1,0,0,0,1,1,0,0,"2"
0.21031746031746,0.0267857142857143,0.149122807017544,0.0447761194029851,0.156,0.0015,0,0,1,0,1,0,0,0,1,0,0,0,0,0,0,0,0,0,0,0,0,0,0,0,1,0,0,0,0,0,0,0,0,1,0,0,"2"
0.324126984126984,0.1875,0.00298245614035088,0,0.145,6e-05,0,0,1,0,1,0,0,0,0,0,0,0,0,0,0,0,0,0,0,1,0,0,0,0,0,0,0,0,1,0,1,1,0,1,0,0,"2"
0.395555555555556,0.0075,0.00298245614035088,0,0.14,0,0,0,1,0,1,0,0,0,0,0,0,0,0,0,0,1,0,0,0,0,0,0,0,0,0,0,0,0,1,0,0,1,0,1,0,0,"2"
0.19047619047619,0.0267857142857143,0.0087719298245614,0,0.1745,0.00023,0,0,1,0,1,0,0,0,1,0,0,0,0,0,0,0,0,0,0,0,0,1,0,0,0,0,0,0,0,0,0,1,1,1,0,0,"2"
0.513174603174603,0.107142857142857,0.0833333333333333,0.119402985074627,0.198,0.04159,1,0,1,0,1,0,0,0,1,0,0,0,0,0,0,0,0,0,0,0,0,0,0,0,0,0,0,0,1,0,0,0,0,1,0,0,"2"
0.123015873015873,0.214285714285714,0.087719298245614,0.0447761194029851,0.04,0.00918,1,0,1,0,1,0,0,1,0,0,0,0,0,0,0,0,0,0,0,0,0,0,0,0,0,0,0,0,1,0,0,0,1,1,0,0,"2"
0.107142857142857,0.08625,0.0701754385964912,0.164179104477612,0.1,0.03,0,0,1,0,1,0,0,0,1,0,0,0,0,0,0,0,0,0,0,0,0,0,0,0,0,0,0,0,1,0,0,0,0,1,0,0,"2"
0.25,0.0164285714285714,0.0189473684210526,0.0597014925373134,0.19,0.005,1,0,1,0,1,0,0,0,0,0,0,0,0,0,0,1,0,0,0,0,0,0,0,0,0,0,0,0,1,0,0,0,1,1,0,0,"2"
0.255238095238095,0.0446428571428571,0.0087719298245614,0,0.112,0,0,0,0,1,0,0,1,0,0,0,0,0,0,0,0,1,0,0,0,0,0,0,0,0,0,0,0,0,1,0,1,1,1,1,0,0,"1"
0.10047619047619,0.00892857142857143,0.0043859649122807,0,0.1,0,0,0,1,0,1,0,0,0,0,0,0,0,0,0,0,0,0,1,0,0,0,0,0,0,0,0,0,0,1,0,1,1,1,1,0,0,"1"
0.153492063492064,0.0208928571428571,0.00298245614035088,0,0.09,0,0,0,1,0,1,0,0,0,1,0,0,0,0,0,0,0,0,0,0,0,0,0,0,0,1,0,0,0,0,0,0,1,1,1,0,0,"1"
0.251269841269841,0.0625,0.043859649122807,0,0.14,0,1,0,0,1,0,0,1,0,0,0,0,0,0,0,0,1,0,0,0,0,0,0,0,0,0,0,0,0,1,0,1,1,0,1,0,0,"1"
0.0384126984126984,0.00142857142857143,0.00140350877192982,0,0,0,0,0,1,0,1,0,0,0,1,0,0,0,0,0,0,0,0,0,0,0,0,0,0,0,0,0,0,0,1,0,1,1,1,1,0,0,"2"
0.294920634920635,0.125,0.0175438596491228,0,0.116,0,0,0,1,0,1,0,0,0,0,0,0,0,0,0,0,1,0,0,0,0,0,0,0,0,0,0,0,0,1,0,1,1,0,1,0,0,"1"
0.540952380952381,0.14875,0.00298245614035088,0,0.26,0,0,0,1,0,1,0,0,0,0,0,0,0,0,0,0,0,0,0,0,0,1,1,0,0,0,0,0,0,0,0,1,1,0,1,0,0,"1"
0.0992063492063492,0.0446428571428571,0.0043859649122807,0,0.07,4e-05,0,0,0,1,0,0,1,0,0,0,0,0,0,0,0,1,0,0,0,0,0,0,0,0,0,0,0,0,1,0,1,1,1,1,0,0,"1"
0.21952380952381,0.116071428571429,0.178421052631579,0.0298507462686567,0.1845,1e-05,0,0,0,1,0,0,1,0,0,0,0,0,0,0,0,0,0,1,0,0,0,0,0,0,1,0,0,0,0,0,1,0,0,1,0,0,"1"
0.130952380952381,0.0282142857142857,0.0101754385964912,0.0149253731343284,0.21,0.00283,0,0,1,0,1,0,0,0,0,0,0,0,0,0,0,0,0,0,0,1,0,0,0,0,0,0,0,0,1,0,1,0,1,1,0,0,"1"
0.0885714285714286,0.389821428571429,0.0205263157894737,0.0298507462686567,0.1,7e-05,0,0,1,0,1,0,0,0,1,0,0,0,0,0,0,0,0,0,0,0,0,1,0,0,0,0,0,0,0,0,1,0,0,1,0,0,"1"
0.39015873015873,0.157678571428571,0.0043859649122807,0,0.08,0,1,0,1,0,1,0,0,0,1,0,0,0,0,0,0,0,0,0,0,0,0,0,0,0,0,0,0,0,1,0,1,1,1,1,0,0,"1"
0.248730158730159,0.0446428571428571,0.0087719298245614,0.0298507462686567,0.2,0.00108,0,0,1,0,1,0,0,0,1,0,0,0,0,0,0,0,0,0,0,0,0,0,0,0,1,0,0,0,0,0,1,0,0,1,0,0,"1"
0.141587301587302,0.0267857142857143,0.0556140350877193,0.0149253731343284,0.2,9e-05,0,0,1,0,1,0,0,0,0,0,0,0,0,1,0,0,0,0,0,0,0,0,0,0,0,0,0,0,1,0,1,0,0,1,0,0,"1"
0.293650793650794,0.5,0,0.0298507462686567,0.08,1e-05,0,0,0,1,0,0,1,0,0,0,0,0,1,0,0,0,0,0,0,0,0,0,0,1,0,0,0,0,0,0,1,0,1,1,0,0,"1"
0.251269841269841,0.169642857142857,0.0701754385964912,0.0149253731343284,0.23,0.00068,0,0,1,0,1,0,0,0,0,0,0,0,0,0,0,0,1,0,0,0,0,0,0,0,0,0,0,0,1,0,1,0,0,1,0,0,"1"
0.0741269841269842,0.371964285714286,0.0043859649122807,0,0.06,0.00375,0,0,0,1,0,0,1,1,0,0,0,0,0,0,0,0,0,0,0,0,0,0,0,0,0,0,0,0,1,0,0,1,1,1,0,0,"1"
0.133650793650794,0.0803571428571429,0.0043859649122807,0,0.08,1e-04,0,0,1,0,1,0,0,0,0,0,0,0,0,1,0,0,0,0,0,0,0,0,0,0,0,0,0,0,1,0,1,1,1,1,0,0,"1"
0.141587301587302,0.00589285714285714,0.0789473684210526,0,0,0,0,0,1,0,1,0,0,0,1,0,0,0,0,0,0,0,0,0,0,0,0,0,0,0,0,1,0,0,0,0,1,1,0,0,0,1,"2"
0.0806349206349206,0,0.0233333333333333,0,0.08,1e-05,0,0,1,0,1,0,0,0,0,0,0,0,0,0,0,0,0,1,0,0,0,0,0,0,0,0,0,0,1,0,1,1,1,1,0,0,"1"
0.124285714285714,0.0282142857142857,0.0233333333333333,0,0.08,0,0,0,0,1,0,0,1,0,0,1,0,0,0,0,0,0,0,0,0,0,0,0,0,0,0,0,0,0,1,0,1,1,1,1,0,0,"1"
0.158730158730159,0.428571428571429,0.0731578947368421,0,0.04,0,0,0,1,0,1,0,0,0,1,0,0,0,0,0,0,0,0,0,0,0,0,0,0,0,0,0,0,0,1,0,1,1,1,0,0,1,"1"
0.354444444444444,0.0907142857142857,0,0,0,0.01,0,0,1,0,1,0,0,0,0,0,0,0,1,0,0,0,0,0,0,0,0,0,0,1,0,0,0,0,0,0,1,1,1,1,0,0,"1"
0.246031746031746,0.464285714285714,0.0175438596491228,0,0.114,0,0,0,1,0,1,0,0,0,0,0,1,0,0,0,0,0,0,0,0,0,0,0,0,0,1,0,0,0,0,0,1,1,1,1,0,0,"1"
0.0925396825396825,0.02375,0.0584210526315789,0,0.11,5e-05,1,0,1,0,1,0,0,0,0,0,0,0,0,0,0,0,0,0,0,1,0,0,0,0,0,0,0,0,1,0,1,1,1,1,0,0,"1"
0.145555555555556,0.0446428571428571,0.0087719298245614,0,0.06,0.00809,1,0,1,0,1,0,0,0,0,0,0,0,0,0,0,0,0,1,0,0,0,0,0,0,0,0,0,0,1,0,1,1,0,1,0,0,"1"
0.214285714285714,0.0103571428571429,0.0043859649122807,0.0149253731343284,0.136,0.00108,1,0,1,0,1,0,0,0,0,0,0,0,0,0,0,0,1,0,0,0,0,0,0,0,1,0,0,0,0,0,1,0,0,1,0,0,"1"
0.396825396825397,0.0535714285714286,0,0,0.038,0,1,0,1,0,1,0,0,0,0,0,0,0,1,0,0,0,0,0,0,0,0,0,0,1,0,0,0,0,0,0,1,1,1,1,0,0,"1"
0.296349206349206,0.0773214285714286,0,0,0.06,0,0,0,0,1,0,0,1,0,0,0,0,0,0,0,0,1,0,0,0,0,0,0,0,1,0,0,0,0,0,0,1,1,1,1,0,0,"1"
0.158730158730159,0.0253571428571429,0.0087719298245614,0.0149253731343284,0.12,4e-05,1,0,1,0,1,0,0,0,0,0,0,0,0,0,0,0,0,0,0,1,0,0,0,0,0,0,0,0,1,0,1,0,0,1,0,0,"1"
0.0701587301587302,0.0878571428571429,0.0336842105263158,0.0298507462686567,0.08,0.00587,0,0,1,0,1,0,0,0,1,0,0,0,0,0,0,0,0,0,0,0,0,0,0,0,0,0,1,0,0,0,1,0,0,1,0,0,"1"
0.431269841269841,0.0178571428571429,0.0175438596491228,0,0.065,0,0,0,0,1,0,0,1,0,0,0,0,0,0,0,0,0,1,0,0,0,0,0,0,0,0,0,0,0,1,0,1,1,0,1,0,0,"1"
0.0912698412698413,0.342321428571429,0.027719298245614,0,0.04,0.0035,0,0,1,0,1,0,0,1,0,0,0,0,0,0,0,0,0,0,0,0,0,0,0,0,0,0,0,0,1,0,1,1,1,1,0,0,"1"
0.235396825396825,0.129464285714286,0.0087719298245614,0,0.05,0,0,0,1,0,1,0,0,1,0,0,0,0,0,0,0,0,0,0,0,0,0,0,0,0,0,0,0,0,1,0,1,1,0,1,0,0,"1"
0.346507936507936,0.0267857142857143,0.0526315789473684,0,0.1155,0,0,0,1,0,1,0,0,0,0,0,0,0,0,0,0,1,0,0,0,0,0,0,0,0,0,0,0,0,1,0,1,1,0,1,0,0,"1"
0.324126984126984,0.0982142857142857,0.087719298245614,0,0.116,0.002,0,0,1,0,1,0,0,0,0,0,0,0,0,1,0,0,0,0,0,0,0,1,0,0,0,0,0,0,0,0,1,1,0,1,0,0,"1"
0.283015873015873,0.0267857142857143,0.12280701754386,0,0.16,0,0,0,0,1,0,0,1,1,0,0,0,0,0,0,0,0,0,0,0,0,0,0,0,0,0,0,0,0,1,0,1,1,0,1,0,0,"1"
0.615079365079365,0.25,0.105263157894737,0,0,0,1,0,1,0,1,0,0,1,0,0,0,0,0,0,0,0,0,0,0,0,0,0,0,0,1,0,0,0,0,0,1,1,1,1,0,0,"1"
0.355873015873016,0.015,0.0101754385964912,0,0.1545,2e-05,0,0,0,1,0,0,1,0,0,0,0,0,0,0,0,0,0,0,0,1,0,0,0,0,0,0,0,0,1,0,1,1,0,1,0,0,"1"
0.374285714285714,0.0951785714285714,0.00578947368421053,0,0,0.00501,0,0,1,0,1,0,0,0,0,1,0,0,0,0,0,0,0,0,0,0,0,0,0,0,0,0,0,0,1,0,1,1,0,1,0,0,"1"
0.112380952380952,0.303571428571429,0.00578947368421053,0,0,0.00351,1,0,1,0,1,0,0,0,1,0,0,0,0,0,0,0,0,0,0,0,0,0,0,0,0,0,0,0,1,0,1,1,1,1,0,0,"1"
0.163968253968254,0.321428571428571,0.0087719298245614,0,0,0,0,0,1,0,1,0,0,1,0,0,0,0,0,0,0,0,0,0,0,0,0,0,0,0,0,0,0,0,1,0,1,1,0,1,0,0,"1"
0.187777777777778,0.0119642857142857,0.12280701754386,0,0.17,0,0,0,1,0,1,0,0,0,0,0,0,0,0,0,0,1,0,0,0,0,0,0,0,0,1,0,0,0,0,0,1,1,0,1,0,0,"1"
0.34,0.133928571428571,0,0.0895522388059701,0,0.002,1,0,1,0,1,0,0,0,0,0,0,0,1,0,0,0,0,0,0,0,0,0,0,1,0,0,0,0,0,0,1,0,1,1,0,0,"1"
0.544920634920635,0.133928571428571,0.0350877192982456,0,0.05,2e-05,0,0,1,0,1,0,0,0,0,0,0,0,0,1,0,0,0,0,0,0,0,1,0,0,0,0,0,0,0,0,1,1,1,1,0,0,"1"
0.033015873015873,0.272321428571429,0.0043859649122807,0.0149253731343284,0,0.0016,1,0,1,0,1,0,0,0,0,0,0,0,0,0,0,0,0,1,0,0,0,0,0,0,0,0,0,0,1,0,1,0,0,1,0,0,"1"
0.138888888888889,0.0148214285714286,0.0117543859649123,0,0.072,0,1,0,1,0,1,0,0,0,0,0,0,0,0,1,0,0,0,0,0,0,0,0,0,0,0,0,0,0,1,0,1,1,0,0,0,1,"1"
0.123015873015873,0.410714285714286,0.0175438596491228,0,0.05,0.00068,0,0,1,0,1,0,0,0,0,0,0,0,0,1,0,0,0,0,0,0,0,0,0,0,0,0,0,0,1,0,0,1,0,1,0,0,"1"
0.156031746031746,0.0296428571428571,0.0145614035087719,0.0149253731343284,0.1,0.00011,1,0,1,0,1,0,0,0,0,0,0,0,0,0,0,0,0,1,0,0,0,0,0,0,0,0,0,0,1,0,1,0,0,1,0,0,"1"
0.116349206349206,0.178571428571429,0,0,0,0,1,0,0,1,0,0,1,0,0,0,0,0,1,0,0,0,0,0,0,0,0,0,0,1,0,0,0,0,0,0,1,1,1,1,0,0,"1"
0.189206349206349,0.116071428571429,0.0803508771929825,0.0149253731343284,0.208,0.00021,0,0,1,0,1,0,0,0,1,0,0,0,0,0,0,0,0,0,0,0,0,0,0,0,1,0,0,0,0,0,1,0,0,1,0,0,"1"
0.39952380952381,0.0594642857142857,0.0087719298245614,0,0,0.0039,1,0,1,0,1,0,0,1,0,0,0,0,0,0,0,0,0,0,0,0,0,0,0,0,0,0,0,0,1,0,1,1,1,1,0,0,"1"
0.0317460317460317,0.0133928571428571,0.0350877192982456,0,0.06,0.00018,1,0,1,0,1,0,0,0,1,0,0,0,0,0,0,0,0,0,0,0,0,0,0,0,0,0,0,0,1,0,1,1,1,1,0,0,"1"
0.235396825396825,0.133928571428571,0.0087719298245614,0.0149253731343284,0.02,0.00154,1,0,1,0,1,0,0,0,1,0,0,0,0,0,0,0,0,0,0,0,0,0,0,0,0,0,0,0,1,0,1,0,0,1,0,0,"1"
0.134920634920635,0.321428571428571,0.00298245614035088,0,0,0,0,0,1,0,1,0,0,1,0,0,0,0,0,0,0,0,0,0,0,0,0,0,0,0,0,0,0,0,1,0,1,1,1,1,0,0,"1"
0.255238095238095,0.125,0.00578947368421053,0,0.108,0,0,0,1,0,1,0,0,0,1,0,0,0,0,0,0,0,0,0,0,0,0,0,0,0,0,0,0,0,1,0,1,1,1,1,0,0,"1"
0.154761904761905,0.0535714285714286,0.0307017543859649,0,0.08,0,1,0,1,0,1,0,0,0,0,0,0,0,0,0,0,0,0,0,0,1,0,0,0,0,0,0,0,0,1,0,1,1,0,1,0,0,"1"
0.290952380952381,0.142857142857143,0.0526315789473684,0,0.06,0,0,0,0,1,0,0,1,0,0,1,0,0,0,0,0,0,0,0,0,0,0,0,0,0,0,0,0,0,1,0,1,1,0,1,0,0,"1"
0.275079365079365,0.0535714285714286,0.00140350877192982,0,0.08,0,0,0,0,1,0,0,1,0,0,0,0,0,0,0,0,0,0,0,0,1,0,0,0,0,0,0,0,0,1,0,1,1,1,0,0,1,"1"
0.286984126984127,0.00142857142857143,0.00140350877192982,0,0,0,0,0,0,1,0,0,1,0,0,0,0,0,0,0,0,0,1,0,0,0,0,0,0,0,0,0,0,0,1,0,1,1,1,1,0,0,"1"
0.126984126984127,0.419642857142857,0.0087719298245614,0,0.09,0,1,0,1,0,1,0,0,0,1,0,0,0,0,0,0,0,0,0,0,0,0,0,0,0,0,0,0,0,1,0,1,1,0,1,0,0,"1"
0.0661904761904762,0.0192857142857143,0.0614035087719298,0.0149253731343284,0.04,5e-05,1,0,1,0,1,0,0,0,1,0,0,0,0,0,0,0,0,0,0,0,0,0,0,0,0,0,0,0,1,0,1,0,0,1,0,0,"1"
0.263174603174603,0.0178571428571429,0.00298245614035088,0,0.126,0,0,0,1,0,1,0,0,0,0,0,1,0,0,0,0,0,0,0,0,0,0,0,0,0,1,0,0,0,0,0,1,1,0,0,0,1,"1"
0.604444444444444,0.0728571428571429,0.0526315789473684,0,0.06,1e-05,0,0,0,1,0,0,1,0,0,0,0,0,1,0,0,0,0,0,0,0,0,0,0,1,0,0,0,0,0,0,1,1,1,1,0,0,"1"
0.530476190476191,0.208392857142857,0.192982456140351,0,0.2325,0.0015,0,0,1,0,1,0,0,0,0,0,0,0,0,0,0,0,0,0,0,1,0,0,0,0,0,0,0,0,1,0,1,1,1,1,0,0,"1"
0.191746031746032,0.458392857142857,0.0175438596491228,0,0,2e-05,0,0,1,0,1,0,0,0,0,1,0,0,0,0,0,0,0,0,0,0,0,0,0,0,0,0,0,0,1,0,1,1,1,1,0,0,"1"
0.579365079365079,0.0298214285714286,0.0175438596491228,0,0.12,0.00117,1,0,1,0,1,0,0,1,0,0,0,0,0,0,0,0,0,0,0,0,0,0,0,0,0,0,0,0,1,0,1,1,0,1,0,0,"1"
0.374285714285714,0.0892857142857143,0.00736842105263158,0,0.13,0.00246,1,0,1,0,1,0,0,0,0,0,0,0,0,1,0,0,0,0,0,0,0,0,0,0,1,0,0,0,0,0,1,1,1,1,0,0,"1"
0.441746031746032,0.0371428571428571,0.0233333333333333,0,0.12,0.00237,1,0,1,0,1,0,0,1,0,0,0,0,0,0,0,0,0,0,0,0,0,0,0,0,0,0,0,0,1,0,1,1,1,1,0,0,"1"
0.267142857142857,0.380892857142857,0.00298245614035088,0.17910447761194,0.0645,3e-05,1,0,1,0,1,0,0,0,0,0,0,0,0,0,0,0,0,1,0,0,0,0,0,0,1,0,0,0,0,0,1,0,0,1,0,0,"1"
0.09,0.258928571428571,0.00140350877192982,0.0149253731343284,0.05,1e-05,0,0,1,0,1,0,0,0,0,0,0,0,0,0,0,0,1,0,0,0,0,0,0,0,0,0,0,0,1,0,1,0,1,1,0,0,"1"
0.0661904761904762,0.364642857142857,0,0,0,5e-04,1,0,1,0,1,0,0,0,0,0,0,0,1,0,0,0,0,0,0,0,0,0,0,1,0,0,0,0,0,0,1,1,1,1,0,0,"1"
0.10047619047619,0.0446428571428571,0,0,0,0,1,0,1,0,1,0,0,0,1,0,0,0,0,0,0,0,0,0,0,0,0,0,0,0,0,0,0,0,1,0,1,1,1,1,0,0,"1"
0.0912698412698413,0.0103571428571429,0.0101754385964912,0,0.14,0.00364,0,0,1,0,1,0,0,0,0,0,0,0,0,0,0,1,0,0,0,0,0,0,0,0,0,0,0,0,1,0,1,1,1,1,0,0,"1"
0.223492063492063,0.0357142857142857,0.105263157894737,0,0.088,0.00537,0,0,0,1,0,0,1,0,0,0,1,0,0,0,0,0,0,0,0,0,0,0,0,0,1,0,0,0,0,0,1,1,1,1,0,0,"1"
0.0528571428571428,0.1175,0.0117543859649123,0,0.07,2e-05,0,0,1,0,1,0,0,0,0,0,0,0,0,1,0,0,0,0,0,0,0,0,0,0,0,0,0,0,1,0,1,1,0,1,0,0,"1"
0.35984126984127,0.0267857142857143,0.0205263157894737,0,0.12,3e-05,0,0,0,1,0,0,1,0,0,0,1,0,0,0,0,0,0,0,0,0,0,0,0,0,0,0,0,0,1,0,1,1,1,1,0,0,"1"
0.425873015873016,0.1175,0.12280701754386,0,0.2,0,0,0,1,0,1,0,0,0,0,0,0,0,0,0,0,0,1,0,0,0,0,0,0,0,0,0,0,0,1,0,1,1,0,0,0,1,"1"
0.116349206349206,0.360178571428571,0.043859649122807,0,0.13,0,0,0,0,1,0,0,1,0,0,0,0,1,0,0,0,0,0,0,0,0,0,0,0,0,1,0,0,0,0,0,1,1,1,1,0,0,"1"
0.141587301587302,0.0267857142857143,0.0701754385964912,0.0298507462686567,0.1,0.00394,1,0,1,0,1,0,0,0,1,0,0,0,0,0,0,0,0,0,0,0,0,0,0,0,0,0,0,0,1,0,1,0,0,1,0,0,"1"
0.182539682539683,0.482142857142857,0.0701754385964912,0.0149253731343284,0.1,1e-05,1,0,0,1,0,0,1,0,0,0,0,0,1,0,0,0,0,0,0,0,0,0,0,1,0,0,0,0,0,0,1,0,0,1,0,0,"1"
0.0661904761904762,0.00732142857142857,0.00140350877192982,0,0.14,0.0075,0,0,1,0,1,0,0,1,0,0,0,0,0,0,0,0,0,0,0,0,0,0,0,0,0,0,0,0,1,0,1,1,1,1,0,0,"1"
0.337301587301587,0.120535714285714,0.290877192982456,0,0,0,0,0,1,0,1,0,0,0,1,0,0,0,0,0,0,0,0,0,0,0,0,0,0,0,1,0,0,0,0,0,1,1,0,1,0,0,"1"
