"V1","V2","V3","V4","V5","V6","V7","target"
0.440982058545798,0.502066115702479,0.570780399274047,0.486486486486486,0.486101211689237,0.189301642200523,0.345150172328902,1
0.405099150141643,0.446280991735537,0.662431941923775,0.368806306306307,0.501069137562366,0.0328830175922194,0.215164943377647,1
0.349386213408876,0.347107438016529,0.879310344827586,0.220720720720721,0.50392017106201,0.25145301590191,0.150664697193501,1
0.306893295561851,0.316115702479339,0.793103448275862,0.239301801801802,0.533856022808268,0.194242546385989,0.14081733136386,1
0.524079320113314,0.533057851239669,0.864791288566243,0.427364864864865,0.664290805416963,0.076701036289641,0.322993599212211,1
0.357884796978282,0.371900826446281,0.789473684210526,0.274211711711712,0.486101211689237,0.220637376639925,0.215164943377647,1
0.387157695939566,0.429752066115702,0.651542649727768,0.373873873873874,0.448325017818959,0.366784121494234,0.34465780403742,1
0.332389046270066,0.349173553719008,0.753176043557169,0.293355855855856,0.478973627940128,0.251583039696264,0.236829148202856,1
0.570349386213409,0.630165289256199,0.604355716878403,0.649774774774775,0.595153243050606,0.165767335422382,0.668636139832595,1
0.552407932011332,0.586776859504132,0.725045372050817,0.554617117117117,0.623663578047042,0.156535646023222,0.499261447562777,1
0.440982058545798,0.504132231404959,0.558076225045372,0.458896396396397,0.436208125445474,0.491216892691363,0.391432791728213,1
0.324834749763928,0.361570247933884,0.648820326678766,0.303490990990991,0.406985032074127,0.123769649845922,0.237321516494338,1
0.311614730878187,0.332644628099173,0.725045372050817,0.304054054054054,0.405559515324305,0.41879363923598,0.107828655834564,1
0.301227573182247,0.340909090909091,0.61524500907441,0.326576576576577,0.374910905203136,0.308273414034768,0.173806006893156,1
0.297450424929179,0.338842975206612,0.601633393829401,0.328265765765766,0.344975053456878,0.281748559986478,0.150664697193501,1
0.377714825306893,0.386363636363636,0.827586206896551,0.254504504504505,0.501069137562366,0.444668374312499,0.129000492368291,1
0.321057601510859,0.293388429752066,1,0.123873873873874,0.536707056307911,0.58106333459023,0.129000492368291,1
0.481586402266289,0.483471074380165,0.886569872958258,0.353603603603604,0.63007840342124,0.108426842112107,0.259478089611029,1
0.388101983002833,0.371900826446281,0.972776769509982,0.172297297297297,0.595866001425517,0.13027083956364,0.0640078778926637,1
0.201133144475921,0.239669421487603,0.549001814882033,0.184121621621622,0.298645759087669,0.433876399381087,0.194485475135401,1
0.337110481586402,0.411157024793389,0.456442831215971,0.427364864864865,0.355666429080542,0.299951891196089,0.323485967503693,1
0.332389046270066,0.382231404958678,0.581669691470054,0.349662162162162,0.383464005702067,0.250022754164012,0.34465780403742,1
0.499527856468367,0.514462809917355,0.823049001814882,0.404842342342343,0.625089094796864,0,0.28163466272772,1
0.140698772426818,0.169421487603306,0.529038112522685,0.112612612612613,0.218104062722737,0.084502463950903,0.217626784835057,1
0.417374881964117,0.485537190082645,0.522686025408349,0.501126126126126,0.438346400570207,0.133391410628145,0.237321516494338,1
0.528800755429651,0.568181818181818,0.696914700544465,0.525900900900901,0.563791874554526,0.0179302812414672,0.387986213687839,1
0.229461756373938,0.278925619834711,0.508166969147005,0.279279279279279,0.282252316464718,0.339089053296753,0.150664697193501,1
0.203021718602455,0.260330578512397,0.438294010889292,0.279279279279279,0.232359230220955,0.226098376002809,0.17232890201871,1
0.332389046270066,0.365702479338843,0.67059891107078,0.361486486486487,0.421240199572345,0.2586043245914,0.255539143279173,1
0.270066100094429,0.332644628099173,0.47459165154265,0.34740990990991,0.310049893086244,0.359632812804743,0.284588872476613,1
0.242681775259679,0.291322314049587,0.527223230490018,0.3125,0.245901639344262,0.011702141491893,0.264401772525849,1
0.462700661000944,0.522727272727273,0.583484573502722,0.483108108108108,0.528153955808981,0.344159981276574,0.349089118660758,1
0.330500472143532,0.413223140495868,0.406533575317604,0.460585585585585,0.396293656450463,0.410212068808592,0.384047267355982,1
0.316336166194523,0.363636363636364,0.587114337568058,0.386261261261261,0.370634354953671,0.176689334148149,0.24273756770064,1
0.421152030217186,0.46900826446281,0.633393829401089,0.45777027027027,0.497505345687812,0.177339453119921,0.414081733136386,1
0.52219074598678,0.535123966942149,0.833938294010889,0.456081081081081,0.609408410548824,0.195672808123887,0.454948301329394,1
0.529745042492918,0.590909090909091,0.592558983666061,0.521959459459459,0.594440484675695,0.267575966401852,0.496307237813885,1
0.612842304060434,0.613636363636364,0.905626134301271,0.525337837837838,0.750534568781183,0.284869131050982,0.475135401280158,1
0.397544853635505,0.43595041322314,0.673321234119782,0.426238738738739,0.468995010691375,0.305152842970264,0.388970950270803,1
0.348441926345609,0.363636363636364,0.783121597096188,0.280405405405406,0.476122594440485,0.769727860198416,0.237321516494338,1
0.278564683663834,0.297520661157025,0.716878402903811,0.252815315315315,0.374910905203136,0.236890350934221,0.324470704086657,1
0.274787535410765,0.297520661157025,0.699637023593466,0.254504504504505,0.376336421952958,0.192942308442445,0.323485967503693,1
0.242681775259679,0.235537190082645,0.842105263157895,0.134572072072072,0.406985032074127,0.220507352845571,0.129985228951256,1
0.463644948064212,0.506198347107438,0.67059891107078,0.550675675675676,0.545972915181753,0.513060890142896,0.496799606105367,1
0.426817752596789,0.440082644628099,0.821234119782214,0.382882882882883,0.593014967925873,0.307233223679933,0.325455440669621,1
0.303116147308782,0.336776859504132,0.647005444646097,0.268581081081081,0.374198146828225,0.103355914132286,0.217626784835057,1
0.45042492917847,0.485537190082645,0.707803992740472,0.451576576576576,0.54383464005702,0.0782613218218934,0.301821762678483,1
0.415486307837583,0.444214876033058,0.727767695099818,0.377815315315315,0.532430506058446,0.285129178639691,0.322993599212211,1
0.396600566572238,0.43595041322314,0.669691470054447,0.363738738738739,0.471133285816108,0.252103134873682,0.291482028557361,1
0.403210576015109,0.466942148760331,0.539927404718693,0.438626126126126,0.447612259444048,0.177339453119921,0.409650418513048,1
0.362606232294618,0.411157024793389,0.607985480943738,0.386261261261261,0.457590876692801,0.417363377498082,0.307730182176268,1
0.490084985835694,0.516528925619835,0.764065335753176,0.436373873873874,0.573057733428368,0.627741876763448,0.303791235844412,1
0.368271954674221,0.454545454545454,0.41470054446461,0.459459459459459,0.344262295081967,0.435696732502048,0.431806991629739,1
0.353163361661945,0.386363636363636,0.680580762250453,0.340653153153153,0.405559515324305,0.333237982550807,0.34711964549483,1
0.371104815864023,0.452479338842975,0.431941923774955,0.474099099099099,0.344262295081967,0.0930840343782913,0.476612506154604,1
0.419263456090652,0.487603305785124,0.523593466424682,0.45213963963964,0.414825374198147,0.151854789426465,0.452978828163466,1
0.365439093484419,0.400826446280992,0.668784029038113,0.275337837837838,0.532430506058446,0.26484546672041,0.258493353028065,1
0.408876298394712,0.417355371900826,0.839382940108892,0.273085585585586,0.557377049180328,0.0490059680921609,0.280157557853274,1
0.452313503305005,0.487603305785124,0.704174228675136,0.429617117117117,0.562366357804704,0.160436359853853,0.346134908911866,1
0.143531633616619,0.21900826446281,0.282214156079854,0.146396396396396,0.286528866714184,0.0958145340597329,0,1
0.0783758262511804,0.0929752066115701,0.54627949183303,0.0613738738738739,0.156806842480399,0.251583039696264,0.0433284096504186,1
0.060434372049103,0.0454545454545456,0.688747731397459,0.00168918918918925,0.177476835352815,0.195542784329532,0.0905957656326934,1
0.1671388101983,0.161157024793388,0.764065335753176,0.0996621621621619,0.293656450463293,0.319195412760535,0.0423436730674546,1
0.248347497639282,0.295454545454545,0.543557168784029,0.279279279279279,0.313613684960798,0.441027708070577,0.280157557853274,1
0.206798866855524,0.239669421487603,0.576225045372051,0.204391891891892,0.282252316464718,0.0534267771002093,0.129492860659773,1
0.216241737488197,0.225206611570248,0.724137931034483,0.135135135135135,0.348538845331433,0.206334759260945,0.0433284096504186,1
0.354107648725212,0.40495867768595,0.58529945553539,0.411599099099099,0.399144689950107,0.0712400369267576,0.31068439192516,1
0.322946175637394,0.388429752066116,0.493647912885663,0.399774774774775,0.376336421952958,0.188781547023105,0.301821762678483,1
0.356940509915014,0.409090909090909,0.58529945553539,0.377252252252252,0.372772630078403,0.090873629874267,0.384539635647464,1
0.202077431539188,0.276859504132231,0.342105263157894,0.288851351351351,0.179615110477548,0.359892860393452,0.269817823732152,1
0.664778092540132,0.737603305785124,0.537205081669691,0.727477477477477,0.663578047042053,0.430495780727873,0.758739537173806,2
0.590179414542021,0.673553719008264,0.491833030852994,0.618806306306307,0.608695652173913,0.508380033546139,0.668636139832595,2
0.629839471199245,0.685950413223141,0.618874773139745,0.607545045045045,0.687099073414112,0.490696797513945,0.62629246676514,2
0.804532577903683,0.795454545454546,0.907441016333938,0.706644144144144,0.926585887384177,0.282268655163895,0.768094534711964,2
0.588290840415486,0.640495867768595,0.639745916515427,0.629504504504505,0.610121168923735,0.421134067534359,0.650910881339242,2
0.58356940509915,0.663223140495868,0.505444646098004,0.578828828828829,0.575908766928011,0.540235863162959,0.628261939931068,2
0.635505193578848,0.723140495867769,0.47005444646098,0.655968468468469,0.55096222380613,0.397729784550573,0.690792712949286,2
0.95561850802644,0.995867768595041,0.618874773139745,0.945945945945946,0.843905915894512,0.479254703610761,0.951255539143279,2
0.78847969782814,0.84297520661157,0.607078039927405,0.870495495495496,0.719173200285103,0.558959289549988,0.907434761201379,2
0.616619452313503,0.648760330578513,0.735934664246824,0.535472972972973,0.667141838916607,0.272126799204254,0.604135893648449,2
0.560906515580737,0.605371900826446,0.673321234119782,0.54954954954955,0.596578759800428,0.619810425307831,0.670113244707041,2
0.767705382436261,0.78099173553719,0.813067150635209,0.623310810810811,0.874554526015681,0.592765476082123,0.669620876415559,2
0.907459867799811,0.925619834710744,0.737749546279491,0.780405405405406,0.879543834640057,0.573131883134614,0.821270310192024,2
0.847969782813976,0.894628099173553,0.633393829401089,0.836148648648649,0.813970064148253,0.0919138202291019,0.863613983259478,2
0.842304060434372,0.888429752066116,0.634301270417423,0.826013513513513,0.83464005702067,0.285649273817109,0.820285573609059,2
0.725212464589235,0.760330578512397,0.715970961887477,0.717342342342342,0.727726300784034,0.218166924547192,0.826193993106844,2
0.782813975448536,0.795454545454546,0.805807622504537,0.66722972972973,0.808267997148966,0.114928031829825,0.782865583456425,2
0.792256846081209,0.878099173553719,0.461887477313974,0.929054054054054,0.741268709907341,0.380436619901442,0.974396848842935,2
1,0.991735537190083,0.823956442831216,0.942567567567568,1,0.652056326307714,0.842934515017233,2
0.971671388101983,0.958677685950413,0.862068965517241,0.873310810810811,0.999287241625089,0.552718147420978,0.887247661250615,2
0.898016997167139,0.946280991735537,0.603448275862069,0.947072072072072,0.823235923022095,0.154715312902261,0.950270802560315,2
0.77148253068933,0.783057851239669,0.819419237749546,0.716779279279279,0.831076265146115,0.306193033325099,0.755292959133432,2
0.776203966005666,0.801652892561983,0.748638838475499,0.773085585585586,0.757662152530292,0.321405817264559,0.755292959133432,2
0.755429650613787,0.752066115702479,0.893829401088929,0.640765765765766,0.876692801140413,0.680791584860029,0.668636139832595,2
0.73371104815864,0.849173553719008,0.33666061705989,0.994932432432433,0.609408410548824,0.541926172489566,0.949778434268833,2
0.593012275731823,0.669421487603306,0.514519056261343,0.698198198198198,0.593727726300784,0.381086738873214,0.712949286065977,2
0.823418319169027,0.863636363636364,0.66606170598911,0.811936936936937,0.841054882394868,0.352611527909607,0.846381093057607,2
0.792256846081209,0.859504132231405,0.549909255898367,0.872747747747748,0.657163221667854,0.179289810035237,0.952240275726243,2
0.715769593956563,0.795454545454546,0.50453720508167,0.772522522522523,0.628652886671418,0.271476680232483,0.863613983259478,2
0.767705382436261,0.81198347107438,0.661524500907441,0.743243243243244,0.751247327156094,0.185010856986829,0.776957163958641,2
0.54957507082153,0.586776859504132,0.712341197822142,0.461148648648649,0.63791874554526,0.448829135731839,0.54111275233875,2
0.698772426817752,0.712809917355372,0.826678765880218,0.557995495495495,0.758374910905203,0.169408001664305,0.648941408173314,2
0.837582625118036,0.84504132231405,0.82032667876588,0.683558558558559,0.899501069137562,0.460661301018086,0.733628754308223,2
0.811142587346553,0.871900826446281,0.577132486388385,0.827702702702703,0.749109052031361,0.337008672587084,0.841949778434269,2
0.789423984891407,0.828512396694215,0.678765880217786,0.759572072072072,0.801853171774768,0.338438934324982,0.802067946824224,2
0.7780925401322,0.801652892561983,0.758620689655173,0.640765765765766,0.823948681397006,0.232469541926173,0.669620876415559,2
0.779981114258735,0.776859504132232,0.884754990925589,0.705518018018018,0.838203848895224,0.270176442288939,0.82767109798129,2
0.664778092540132,0.712809917355372,0.652450090744102,0.638513513513514,0.672131147540983,0.387717952385287,0.69423929098966,2
0.882908404154863,0.931818181818182,0.608892921960072,1,0.807555238774055,0.323356174179875,1,2
0.751652502360718,0.787190082644628,0.711433756805807,0.706081081081081,0.744119743406985,0.126500149527364,0.677006400787789,2
0.742209631728045,0.766528925619835,0.762250453720508,0.68018018018018,0.811831789023521,0.191121975321484,0.627769571639586,2
0.830028328611898,0.890495867768595,0.576225045372051,0.790540540540541,0.827512473271561,0.378746310574835,0.711964549483013,2
0.806421152030217,0.805785123966942,0.865698729582577,0.722972972972973,0.906628652886671,0.174738977232834,0.69177744953225,2
0.807365439093484,0.867768595041322,0.581669691470054,0.765765765765766,0.789023521026372,0.769337788815353,0.755292959133432,2
0.980169971671388,1,0.705989110707804,0.936936936936937,0.970064148253742,0.508640081134848,0.884785819793205,2
0.799811142587346,0.834710743801653,0.701451905626134,0.854166666666667,0.776193870277975,0.192812284648091,0.809453471196455,2
0.790368271954674,0.783057851239669,0.903811252268602,0.648648648648649,0.903064861012116,0.4640419196713,0.606105366814377,2
0.808309726156752,0.834710743801653,0.734119782214156,0.757882882882883,0.844618674269422,0.301512176728341,0.820285573609059,2
0.783758262511804,0.789256198347107,0.841197822141561,0.747747747747748,0.811831789023521,0.373675382595015,0.712456917774495,2
0.891406987724268,0.927685950413223,0.662431941923775,0.897522522522523,0.874554526015681,0.2987816770469,0.886755292959134,2
0.91123701605288,0.929752066115702,0.740471869328494,0.797297297297298,0.949394155381326,0.667789205424593,0.821762678483506,2
0.712936732766761,0.766528925619835,0.627041742286751,0.653153153153153,0.665003563791875,0.371074906707928,0.734613490891187,2
0.526912181303116,0.613636363636364,0.460072595281307,0.485923423423423,0.539558089807555,0.45780077754229,0.582964057114722,2
0.740321057601511,0.735537190082645,0.903811252268602,0.608671171171171,0.813257305773343,0.288509797292905,0.682422451994092,2
0.509915014164306,0.512396694214876,0.892014519056261,0.261261261261262,0.678545972915181,0.334278172905642,0.307730182176268,2
0.770538243626062,0.778925619834711,0.833030852994556,0.682432432432432,0.883107626514611,0.445058445695562,0.725258493353028,2
0.76109537299339,0.826446280991736,0.55989110707804,0.780405405405406,0.687099073414112,0.471453275949499,0.779419005416051,2
0.697828139754485,0.710743801652893,0.827586206896551,0.608108108108108,0.753385602280827,0.19398249879728,0.68931560807484,2
0.903682719546742,0.954545454545455,0.593466424682396,0.908783783783784,0.814682822523165,0.148864242156315,0.820285573609059,2
0.657223796033994,0.671487603305785,0.825771324863884,0.502252252252252,0.755523877405559,0.598226475445006,0.562284588872476,2
0.728045325779037,0.71900826446281,0.931941923774955,0.608108108108108,0.801853171774768,0.269396299522813,0.710487444608567,2
0.78847969782814,0.807851239669422,0.781306715063521,0.701013513513514,0.851746258018532,0.278627988921973,0.704086656819301,2
0.452313503305005,0.514462809917355,0.567150635208712,0.554617117117117,0.454739843193157,0.480684965348659,0.628261939931068,2
0.525967894239849,0.603305785123967,0.510889292196007,0.532657657657658,0.545260156806842,0.455200301655203,0.628261939931068,2
0.469310670443815,0.512396694214876,0.673321234119782,0.493806306306306,0.554526015680684,0.546997100469386,0.653865091088134,2
0.452313503305005,0.464876033057851,0.82486388384755,0.325450450450451,0.595153243050606,0.368604454615195,0.452978828163466,2
0.639282341831917,0.692148760330578,0.638838475499092,0.701576576576576,0.672843905915894,0.358982693832971,0.714918759231906,2
0.470254957507082,0.566115702479339,0.404718693284936,0.574887387387387,0.428367783321454,0.243781612035002,0.669620876415559,2
0.473087818696884,0.557851239669421,0.452813067150635,0.525337837837838,0.467569493941554,0.254833634555124,0.607090103397341,2
0.53257790368272,0.572314049586777,0.697822141560798,0.54786036036036,0.600142551674982,0.390578475861083,0.690792712949286,2
0.234183191690274,0.31198347107438,0.362068965517241,0.322635135135135,0.25944404846757,0.590165000195036,0.431314623338257,3
0.257790368271955,0.316115702479339,0.482758620689655,0.361486486486487,0.315751960085531,0.815236188222445,0.453471196454948,3
0.259678942398489,0.318181818181818,0.489110707803992,0.275900900900901,0.316464718460442,0.680011442093903,0.387986213687839,3
0.153918791312559,0.18801652892562,0.518148820326678,0.182995495495496,0.240199572344975,0.611618926263506,0.345642540620384,3
0.11614730878187,0.204545454545455,0.17513611615245,0.233671171171171,0.104775481111903,0.481855179497848,0.324470704086657,3
0.0585457979225686,0.148760330578513,0.0780399274047182,0.213963963963964,0.0406272273699215,0.702635582311563,0.372230428360414,3
0.0793201133144476,0.148760330578513,0.23049001814882,0.155968468468469,0.0634354953670705,0.189301642200523,0.301821762678483,3
0.179414542020774,0.216942148760331,0.523593466424682,0.207207207207207,0.240199572344975,0.47535398978013,0.23781388478582,3
0.199244570349386,0.268595041322314,0.372050816696914,0.274211711711712,0.200285103349964,0.32439636453471,0.392417528311177,3
0.0188857412653446,0.107438016528926,0.0235934664246818,0.23536036036036,0.0128296507483965,0.610708759703026,0.332348596750369,3
0.117091595845137,0.169421487603306,0.376588021778584,0.204954954954955,0.14967925873129,0.57599240661041,0.387986213687839,3
0.134088762983947,0.229338842975207,0.152450090744101,0.28490990990991,0.104062722736992,0.809645165065207,0.369768586903003,3
0.157695939565628,0.245867768595041,0.228675136116153,0.286599099099099,0.144689950106914,0.518911960888843,0.414081733136386,3
0.0557129367327667,0.130165289256198,0.167876588021778,0.180743243243243,0.0449037776193871,0.333758077728224,0.237321516494338,3
0.0727101038715769,0.132231404958678,0.273139745916515,0.155405405405405,0.0890947968638631,0.426855114485951,0.366322008862629,3
0.056657223796034,0.132231404958678,0.156079854809437,0.197635135135135,0.0320741268709907,0.656347111521408,0.34465780403742,3
0.0708215297450425,0.0950413223140494,0.467332123411978,0.0867117117117117,0.156094084105488,0.33570843464354,0.238306253077302,3
0.145420207743154,0.272727272727273,0,0.278716216216216,0.0819672131147542,0.527883602699294,0.345150172328902,3
0.109537299338999,0.229338842975207,0.000907441016333839,0.306869369369369,0.0342124019957235,0.469762966622892,0.389463318562284,3
0.084985835694051,0.167355371900827,0.165154264972777,0.228040540540541,0.0463292943692088,0.601086998920803,0.389463318562284,3
0.18413597733711,0.260330578512397,0.312159709618875,0.310810810810811,0.177476835352815,0.301252129139633,0.478581979320532,3
0.135033050047214,0.190082644628099,0.382940108892921,0.253941441441441,0.128296507483963,0.455850420626975,0.38847858197932,3
0.137865911237016,0.206611570247934,0.303992740471869,0.207207207207207,0.154668567355666,0.549077481179056,0.259478089611029,3
0.185080264400378,0.239669421487603,0.432849364791288,0.244369369369369,0.240912330719886,0.475093942191421,0.323485967503693,3
0.0519357884796979,0.0785123966942147,0.432849364791288,0.0630630630630631,0.116892373485389,0.731110793275169,0.260955194485475,3
0.142587346553352,0.152892561983471,0.646098003629764,0.115990990990991,0.221667854597291,0.186701166313435,0.264401772525849,3
0.174693106704438,0.243801652892562,0.34573502722323,0.236486486486486,0.190306486101212,0.540755958340376,0.369768586903003,3
0.147308781869688,0.214876033057851,0.328493647912886,0.291666666666667,0.147540983606558,0.373545358800661,0.403249630723781,3
0.0717658168083097,0.146694214876033,0.190562613430126,0.155968468468469,0.0270848182466146,0.464431991054363,0.301821762678483,3
0.0613786591123702,0.121900826446281,0.252268602540834,0.107545045045045,0.0605844618674269,0.3583325748612,0.280157557853274,3
0.040604343720491,0.121900826446281,0.0980036297640647,0.239864864864865,0.0506058446186744,0.776229049916135,0.317085179714427,3
0.0906515580736545,0.142561983471074,0.339382940108893,0.150900900900901,0.153243050605845,0.773628574029047,0.215164943377647,3
0.0642115203021718,0.115702479338843,0.306715063520871,0.106418918918919,0.0947968638631504,0.460791324812441,0.236829148202856,3
0.0764872521246459,0.138429752066116,0.266787658802178,0.133445945945946,0.0947968638631504,0.627091757791676,0.280649926144756,3
0.0226628895184136,0.113636363636364,0.0163339382940101,0.213400900900901,0.00784034212402004,0.574302097283803,0.327917282127031,3
0.019830028328612,0.0330578512396695,0.461887477313974,0.0461711711711711,0.136136849607983,0.521122365392867,0.267848350566223,3
0.0632672332389046,0.12396694214876,0.248638838475499,0.161599099099099,0.0570206699928724,0.594195737820021,0.282127031019202,3
0.0141643059490085,0.0661157024793389,0.225045372050816,0.138513513513513,0.00855310049893087,0.511890675993707,0.218611521418021,3
0.0840415486307838,0.132231404958678,0.355716878402904,0.158220720720721,0.0912330719885959,0.664538610565734,0.23781388478582,3
0.152974504249292,0.21900826446281,0.337568058076225,0.257882882882883,0.187455452601568,0.116488317362077,0.324470704086657,3
0.0774315391879132,0.111570247933884,0.434664246823956,0.107545045045045,0.103349964362081,0.54504674355407,0.150664697193501,3
0.176581680830973,0.206611570247934,0.567150635208712,0.189752252252252,0.27583749109052,0.548947457384701,0.309207287050714,3
0.151085930122757,0.196280991735537,0.451905626134301,0.192004504504505,0.198859586600142,0.532044364118634,0.314623338257016,3
0.100094428706327,0.136363636363636,0.448275862068966,0.11768018018018,0.156806842480399,0.577812739731371,0.303298867552929,3
0.217186024551464,0.28099173553719,0.417422867513611,0.335585585585586,0.282252316464718,0.704715963021233,0.392417528311177,3
0.0915958451369217,0.185950413223141,0.10617059891107,0.261261261261262,0.0377761938702779,0.428675447606912,0.326440177252585,3
0.115203021718603,0.214876033057851,0.10617059891107,0.289414414414415,0.061297220242338,0.537375339687163,0.41014278680453,3
0.0302171860245515,0.0805785123966943,0.264065335753176,0.106418918918919,0.0320741268709907,0.443888231546373,0.215164943377647,3
0.060434372049103,0.0847107438016529,0.465517241379311,0.106981981981982,0.136136849607983,0.87881782366173,0.215657311669128,3
0,0,0.514519056261343,0,0.111903064861012,0.547387171852449,0.135401280157558,3
0.0321057601510859,0.0805785123966943,0.280399274047186,0.0827702702702704,0.0620099786172489,0.602387236864346,0.258985721319547,3
0.0642115203021718,0.0929752066115701,0.437386569872958,0.108108108108108,0.124019957234497,0.418663615441626,0.237321516494338,3
0.120868744098206,0.12603305785124,0.647912885662431,0.131193693693694,0.230220955096222,0.368214383232132,0.301821762678483,3
0.0217186024551464,0.0867768595041322,0.158802177858439,0.158220720720721,0,0.531524268941216,0.280649926144756,3
0.143531633616619,0.177685950413223,0.506352087114337,0.189752252252252,0.245901639344262,0.437777113211718,0.24273756770064,3
0.208687440982059,0.21900826446281,0.706896551724138,0.14695945945946,0.353528153955809,0.534124744828304,0.194485475135401,3
0.207743153918791,0.231404958677686,0.639745916515427,0.182995495495496,0.302209550962224,0.613439259384467,0.216149679960611,3
0.262511803588291,0.283057851239669,0.696914700544465,0.23704954954955,0.354953670705631,0.507729914574367,0.28163466272772,3
0.191690273843248,0.260330578512397,0.362976406533575,0.287725225225225,0.200285103349964,0.330377459075011,0.350566223535204,3
0.20491029272899,0.200413223140496,0.801270417422867,0.0979729729729732,0.374198146828225,0.268226085373623,0.153126538650911,3
0.169027384324835,0.212809917355372,0.479128856624319,0.18018018018018,0.255880256593015,0.612008997646569,0.258985721319547,3
0.196411709159585,0.18801652892562,0.813067150635209,0.0478603603603603,0.359942979330007,0.199573521954518,0.111275233874938,3
0.0557129367327667,0.0640495867768596,0.543557168784029,0.0619369369369371,0.128296507483963,0.427245185869014,0.152141802067947,3
0.199244570349386,0.206611570247934,0.719600725952813,0.15990990990991,0.328581610833927,1,0.236829148202856,3
0.168083097261567,0.21900826446281,0.441016333938294,0.171734234234234,0.235210263720599,0.410082045014238,0.237321516494338,3
0.151085930122757,0.163223140495868,0.637023593466424,0.134009009009009,0.250178189593728,0.37263519224018,0.172821270310192,3
0.060434372049103,0.0971074380165291,0.390199637023593,0.135698198198198,0.117605131860299,0.462871705522111,0.238306253077302,3
0.246458923512748,0.258264462809917,0.727767695099818,0.189752252252252,0.429080541696365,0.981666644996034,0.264401772525849,3
0.118035882908404,0.165289256198347,0.399274047186932,0.155405405405405,0.146828225231646,0.368344407026486,0.258493353028065,3
0.161473087818697,0.192148760330578,0.547186932849364,0.193693693693694,0.245188880969352,0.63346292371504,0.267848350566223,3
